{
    "coverImageFilename": "Cover.png",
    "icon": "Cover.png",
    "components": [
        {
            "Type": "AssetsMod",
            "InstallAction": {
                "PreloadFiles": [
                    "{{Platform}}"
                ],
                "Actions": [
                    {
                        "Type": "ReplaceAsset",
                        "FromDataFile": "PlayersPlaceCore.dat",
                        "Locator": {
                            "TypeIs": "Mesh",
                            "NameIs": "PlayersPlaceCore"
                        },
                        "AllowOverwriteName": false,
                        "StepNumber": 1
                    },
                    {
                        "Type": "ReplaceAsset",
                        "FromDataFile": "PlayersPlaceFrame.dat",
                        "Locator": {
                            "TypeIs": "Mesh",
                            "NameIs": "PlayersPlaceFrame"
                        },
                        "AllowOverwriteName": false,
                        "StepNumber": 2
                    }
                ]
            },
            "UninstallAction": {
                "PreloadFiles": [
                    "{{Platform}}"
                ],
                "Actions": [
                    {
                        "Type": "RestoreAsset",
                        "Locator": {
                            "TypeIs": "Mesh",
                            "NameIs": "PlayersPlaceCore"
                        },
                        "StepNumber": 1
                    },
                    {
                        "Type": "RestoreAsset",
                        "Locator": {
                            "TypeIs": "Mesh",
                            "NameIs": "PlayersPlaceFrame"
                        },
                        "StepNumber": 2
                    }
                ]
            }
        }
    ],
    "version": "1.0.0",
    "links": {},
    "description": [
        "mod description"
    ],
    "gameVersion": "1.7.0",
    "platform": "Quest",
    "id": "ModID",
    "name": "Modname",
    "author": "yourname",
    "category": "Other"
}