{
    "coverImageFilename": "cover.png",
    "icon": "cover.png",
    "components": [
        {
            "type": "FileCopyMod",
            "sourceFileName": "Leek Saber.qsaber",
            "targetRootedPathAndFileName": "/sdcard/Android/data/com.beatgames.beatsaber/files/sabers/testSaber.qsaber"
        }
    ],
    "version": "1.0.0",
    "links": {
        "pageLink": "https://github.com/RedBrumbler/BMBFCustomSabers/wiki/Commisions"
    },
    "description": [
        "Hatsune Miku's pride and joy (I guess)"
    ],
    "gameVersion": "1.9.0",
    "platform": "Quest",
    "id": "LeekSaberRedBrumblerV1.0.0",
    "name": "Leek Saber",
    "author": "RedBrumbler",
    "category": "Saber"
}