{
    "coverImageFilename": "cover.png",
    "icon": "cover.png",
    "components": [
        {
            "type": "FileCopyMod",
            "sourceFileName": "PC recreation.qwall",
            "targetRootedPathAndFileName": "/sdcard/Qosmetics/walls/testWall.qwall"
        }
    ],
    "version": "1.0.0",
    "links": {
        "pageLink": ""
    },
    "description": [
        "PC Walls recreated, now on quest!"
    ],
    "gameVersion": "1.13.0",
    "platform": "Quest",
    "id": "PCrecreationRedBrumblerV1.0.0",
    "name": "PC recreation",
    "author": "RedBrumbler",
    "category": "Other"
}