{
    "coverImageFilename": "cover.gif",
    "icon": "cover.gif",
    "components": [
        {
            "type": "FileCopyMod",
            "sourceFileName": "ThrowingStarSword.qsaber",
            "targetRootedPathAndFileName": "/sdcard/Android/data/com.beatgames.beatsaber/files/sabers/testSaber.qsaber"
        }
    ],
    "version": "1.0.0",
    "links": {
        "pageLink": "pagelink"
    },
    "description": [
        " "
    ],
    "gameVersion": "1.11.1",
    "platform": "Quest",
    "id": "ThrowingStarSwordBrinchV1.0.0",
    "name": "ThrowingStarSword",
    "author": "Brinch",
    "category": "Saber"
}