﻿{
  "id": "RFSword",
  "name": "RedFox Sword | Ported by Rugtveit",
  "author": "Rugtveit",
  "description": ["RedFox Sword original creator of sword RedFoxEditor on DevianArt!"],
  "gameVersion": "1.6.0",
  "version": "1.0.0",
  "platform": "Quest",
  "category": "Saber",
  "components": [
    {
      "Type": "AssetsMod",
      "InstallAction": {
        "PreloadFiles": ["sharedassets18.assets"],
		"Actions": [
			{
				"Type": "ReplaceAsset",
				"StepNumber": 1,
				"Locator": { 
					"TypeIs": "Mesh",
					"NameIs": "SaberBlade"
					},
				"FromDataFile": "SaberBlade.dat"
			},
			{
				"Type": "ReplaceAsset",
				"StepNumber": 1,
				"Locator": { 
					"TypeIs": "Mesh",
					"NameIs": "SaberGlowingEdges"
					},
				"FromDataFile": "SaberGlowingEdges.dat"
			},
			{
				"Type": "ReplaceAsset",
				"StepNumber": 1,
				"Locator": { 
					"TypeIs": "Mesh",
					"NameIs": "SaberHandle"
					},
				"FromDataFile": "SaberHandle.dat"
			}
		]
      },
	  "UninstallAction": {
        "PreloadFiles": ["sharedassets18.assets"],
		"Actions": [
			{
				"Type": "RestoreAsset",
				"StepNumber": 1,
				"Locator": { 
					"TypeIs": "Mesh",
					"NameIs": "SaberBlade"
					}				
			},
			{
				"Type": "RestoreAsset",
				"StepNumber": 2,
				"Locator": { 
					"TypeIs": "Mesh",
					"NameIs": "SaberGlowingEdges"
					}
			},
			{
				"Type": "RestoreAsset",
				"StepNumber": 3,
				"Locator": { 
					"TypeIs": "Mesh",
					"NameIs": "SaberHandle"
					}
			}
		]
      }
    }
  ]
}