{
  "coverImageFilename": "Cover.jpg",
  "icon": "Cover.jpg",
  "components": [
    {
      "Type": "AssetsMod",
      "InstallAction": {
        "PreloadFiles": [
          "sharedassets1.assets"
        ],
        "Actions": [
          {
            "Type": "ReplaceAsset",
            "FromDataFile": "Normal.dat",
            "Locator": {
              "TypeIs": "Mesh",
              "NameIs": "Normal"
            },
            "AllowOverwriteName": false,
            "StepNumber": 1
          },
          {
            "Type": "ReplaceAsset",
            "FromDataFile": "Glowing.dat",
            "Locator": {
              "TypeIs": "Mesh",
              "NameIs": "Glowing"
            },
            "AllowOverwriteName": false,
            "StepNumber": 2
          }
        ]
      },
      "UninstallAction": {
        "PreloadFiles": [
          "sharedassets1.assets"
        ],
        "Actions": [
          {
            "Type": "RestoreAsset",
            "Locator": {
              "TypeIs": "Mesh",
              "NameIs": "Normal"
            },
            "StepNumber": 1
          },
          {
            "Type": "RestoreAsset",
            "Locator": {
              "TypeIs": "Mesh",
              "NameIs": "Glowing"
            },
            "StepNumber": 2
          }
        ]
      }
    }
  ],
  "version": "1.1.0",
  "links": {},
  "description": [
    "Make your menu pointer nostalgic."
  ],
  "gameVersion": "1.7.0",
  "platform": "Quest",
  "id": "WiiRemote",
  "name": "Wii Remote Menu Pointer",
  "author": "Brinch",
  "category": "Other"
}