{
    "id": "Caeden117-energyswords",
    "name": "Caeden117's Energy Swords",
    "author": "Caeden117",
    "description": [
        "The Halo Energy Swords from PC Beat Saber has made their way to Quest! Thanks to RedBrumbler for exporting the PCVR models to be compatible with Quest."
    ],
    "gameVersion": "1.7.0",
    "version": "1.0.0",
    "platform": "Quest",
    "category": "Saber",
    "coverImageFilename": "Cover.png",
    "components": [
        {
            "Type": "AssetsMod",
            "InstallAction": {
                "PreloadFiles": [
                    "{{Saber}}"
                ],
                "Actions": [
                    {
                        "Type": "ReplaceAsset",
                        "StepNumber": 1,
                        "Locator": {
                            "TypeIs": "Mesh",
                            "NameIs": "SaberBlade"
                        },
                        "FromDataFile": "SaberBlade.dat"
                    },
                    {
                        "Type": "ReplaceAsset",
                        "StepNumber": 1,
                        "Locator": {
                            "TypeIs": "Mesh",
                            "NameIs": "SaberGlowingEdges"
                        },
                        "FromDataFile": "SaberGlowingEdges.dat"
                    },
                    {
                        "Type": "ReplaceAsset",
                        "StepNumber": 1,
                        "Locator": {
                            "TypeIs": "Mesh",
                            "NameIs": "SaberHandle"
                        },
                        "FromDataFile": "SaberHandle.dat"
                    }
                ]
            },
            "UninstallAction": {
                "PreloadFiles": [
                    "{{Saber}}"
                ],
                "Actions": [
                    {
                        "Type": "RestoreAsset",
                        "StepNumber": 1,
                        "Locator": {
                            "TypeIs": "Mesh",
                            "NameIs": "SaberBlade"
                        }
                    },
                    {
                        "Type": "RestoreAsset",
                        "StepNumber": 2,
                        "Locator": {
                            "TypeIs": "Mesh",
                            "NameIs": "SaberGlowingEdges"
                        }
                    },
                    {
                        "Type": "RestoreAsset",
                        "StepNumber": 3,
                        "Locator": {
                            "TypeIs": "Mesh",
                            "NameIs": "SaberHandle"
                        }
                    }
                ]
            }
        }
    ]
}