{
    "coverImageFilename": "cover.png",
    "icon": "cover.png",
    "components": [
        {
            "type": "FileCopyMod",
            "sourceFileName": "GuardianSword++.qsaber",
            "targetRootedPathAndFileName": "/sdcard/Android/data/com.beatgames.beatsaber/files/sabers/testSaber.qsaber"
        }
    ],
    "version": "1.0.0",
    "links": {
        "pageLink": "https://github.com/RedBrumbler/BMBFCustomSabers/wiki/Commisions"
    },
    "description": [
        "Rise up against the malice with this new and improved guardian sword!"
    ],
    "gameVersion": "1.9.0",
    "platform": "Quest",
    "id": "GuardianSword++RedBrumblerV1.0.0",
    "name": "GuardianSword++",
    "author": "RedBrumbler",
    "category": "Saber"
}