{
  "coverImageFilename": "Cover.png",
  "icon": "Cover.png",
  "components": [
    {
      "Type": "AssetsMod",
      "InstallAction": {
        "PreloadFiles": [
          "sharedassets19.assets"
        ],
        "Actions": [
          {
            "Type": "ReplaceAsset",
            "FromDataFile": "CubeNoteSmoothHD.dat",
            "Locator": {
              "TypeIs": "Mesh",
              "NameIs": "CubeNoteSmoothHD"
            },
            "AllowOverwriteName": false,
            "StepNumber": 1
          }
        ]
      },
      "UninstallAction": {
        "PreloadFiles": [
          "sharedassets19.assets"
        ],
        "Actions": [
          {
            "Type": "RestoreAsset",
            "Locator": {
              "TypeIs": "Mesh",
              "NameIs": "CubeNoteSmoothHD"
            },
            "StepNumber": 1
          }
        ]
      }
    }
  ],
  "version": "1.0.0",
  "links": {
  "Click here for info on commissions": "https://github.com/RedBrumbler/BMBFCustomSabers/wiki/Commisions"
  },
  "description": [
    "Now take revenge for that time you stepped on one of these fuckers!"
  ],
  "gameVersion": "1.6.2",
  "platform": "Quest",
  "id": "LegoBrickBloqV1",
  "name": "Lego Brick Bloq",
  "author": "RedBrumbler, commissioned by Chara_",
  "category": "Other"
}