{
    "id": "BeatGnomeV1",
    "name": "Beat Gnome Logo",
    "author": "Node",
    "description": [
        "Changes Beat Saber logo to Beat Gnome"
    ],
    "links": {},
    "gameVersion": "1.1.0",
    "version": "1.0.2",
    "platform": "Quest",
    "category": "Other",
    "components": [
        {
            "Type": "AssetsMod",
            "InstallAction": {
                "PreloadFiles": [
                    "sharedassets22.assets"
                ],
                "Actions": [
					{
						"Type": "ReplaceAsset",
						"StepNumber": 1,
						"Locator": { 
							"TypeIs": "Texture2D",
							"NameIs": "LogoBat"
							},
						"FromDataFile": "LogoBat.dat"
					},
					{
						"Type": "ReplaceAsset",
						"StepNumber": 2,
						"Locator": { 
							"TypeIs": "Texture2D",
							"NameIs": "LogoE"
							},
						"FromDataFile": "LogoE.dat"
					},
					{
						"Type": "ReplaceAsset",
						"StepNumber": 3,
						"Locator": { 
							"TypeIs": "Texture2D",
							"NameIs": "LogoSaber"
							},
						"FromDataFile": "LogoSaber.dat"
					}
                ]
            },
            "UninstallAction": {
                "PreloadFiles": [
                    "sharedassets22.assets"
                ],
                "Actions": [
					{
						"Type": "RestoreAsset",
						"StepNumber": 1,
						"Locator": { 
							"TypeIs": "Texture2D",
							"NameIs": "LogoBat"
							}				
					},
					{
						"Type": "RestoreAsset",
						"StepNumber": 2,
						"Locator": { 
							"TypeIs": "Texture2D",
							"NameIs": "LogoE"
							}				
					},
					{
						"Type": "RestoreAsset",
						"StepNumber": 3,
						"Locator": { 
							"TypeIs": "Texture2D",
							"NameIs": "LogoSaber"
							}				
					}
                ]
            }
        }
    ]
}