{
    "coverImageFilename": "PlasmaGem.png",
    "icon": "PlasmaGem.png",
    "components": [
        {
            "type": "FileCopyMod",
            "sourceFileName": "PlasmaGem.qsaber",
            "targetRootedPathAndFileName": "/sdcard/Android/data/com.beatgames.beatsaber/files/sabers/testSaber.qsaber"
        }
    ],
    "version": "1.0.0",
    "links": {
        "pageLink": "pagelink"
    },
    "description": [
        ""
    ],
    "gameVersion": "1.9.1",
    "platform": "Quest",
    "id": "PlasmaGemBrinchV1.0.0",
    "name": "PlasmaGem",
    "author": "Brinch",
    "category": "Saber"
}