{
    "coverImageFilename": "cover.png",
    "icon": "cover.png",
    "components": [
        {
            "type": "FileCopyMod",
            "sourceFileName": "Rick's Portal Gun.qsaber",
            "targetRootedPathAndFileName": "/sdcard/Android/data/com.beatgames.beatsaber/files/sabers/testSaber.qsaber"
        },
		{
			"Type": "AssetsMod",
			"InstallAction": {
			"PreloadFiles": [
          "{{Trail}}"
        ],
        "Actions": [
          {
            "Type": "ReplaceAsset",
            "FromDataFile": "FullTrail.dat",
            "Locator": {
              "TypeIs": "Texture2D",
              "NameIs": "FullTrail"
            },
            "AllowOverwriteName": false,
            "StepNumber": 1
          }
        ]
		  },
			"UninstallAction": {
			"PreloadFiles": [
				"{{Saber}}"
        ],
        "Actions": [
          {
            "Type": "RestoreAsset",
            "Locator": {
              "TypeIs": "Texture2D",
              "NameIs": "FullTrail"
            },
            "StepNumber": 1
          }
        ]
      }
    }
    ],
    "version": "1.0.0",
    "links": {
        "pageLink": "https://github.com/RedBrumbler/BMBFCustomSabers/wiki/Commisions"
    },
    "description": [
        "Your IQ is probably not high enough to even begin to understand this saber"
    ],
    "gameVersion": "1.10.0",
    "platform": "Quest",
    "id": "RicksPortalGunRedBrumbler,commissionedbyYeetersonMcSkeetersonV1.0.0",
    "name": "Rick's Portal Gun",
    "author": "RedBrumbler, commissioned by YeetersonMcSkeeterson",
    "category": "Saber"
}