{
    "coverImageFilename": "cover.png",
    "icon": "cover.png",
    "components": [
        {
            "type": "FileCopyMod",
            "sourceFileName": "UrbanNinjaV2.qsaber",
            "targetRootedPathAndFileName": "/sdcard/Android/data/com.beatgames.beatsaber/files/sabers/testSaber.qsaber"
        }
    ],
    "version": "1.0.0",
    "links": {
        "pageLink": " https://discord.gg/NXnPYEh"
    },
    "description": [
        "PC Saber UrbanNinjaV2 Ported to Quest by Chara_#9355. Thanks UrbanKickster#1111 For letting me port these sabers to Quest!"
    ],
    "gameVersion": "1.8.0",
    "platform": "quest",
    "id": "UrbanNinjaV2Chara_1.0.0",
    "name": "UrbanNinjaV2",
    "author": "Chara_",
    "category": "Saber"
}