{
    "coverImageFilename": "cover.png",
    "icon": "cover.png",
    "components": [
        {
            "type": "FileCopyMod",
            "sourceFileName": "VProSabers.qsaber",
            "targetRootedPathAndFileName": "/sdcard/Android/data/com.beatgames.beatsaber/files/sabers/testSaber.qsaber"
        }
    ],
    "version": "1.0.1",
    "links": {
        "pageLink": "https://discord.gg/NXnPYEh"
    },
    "description": [
        "VProSabers Ported by Chara_#9355 Originally created by LostVint#0768\t\tNow you can use a popular saber ig"
    ],
    "gameVersion": "1.13.0",
    "platform": "Quest",
    "id": "VProSabersChara_1.0.1",
    "name": "VProSabers",
    "author": "Chara_",
    "category": "Saber"
}