{
    "coverImageFilename": "Cover.png",
    "icon": "Cover.png",
    "components": [
        {
            "Type": "AssetsMod",
            "InstallAction": {
                "PreloadFiles": [
                    "sharedassets15.assets"
                ],
                "Actions": [
                    {
                        "Type": "ReplaceAsset",
                        "FromDataFile": "SaberBlade.dat",
                        "Locator": {
                            "TypeIs": "Mesh",
                            "NameIs": "SaberBlade"
                        },
                        "AllowOverwriteName": false,
                        "StepNumber": 1
                    },
                    {
                        "Type": "ReplaceAsset",
                        "FromDataFile": "SaberGlowingEdges.dat",
                        "Locator": {
                            "TypeIs": "Mesh",
                            "NameIs": "SaberGlowingEdges"
                        },
                        "AllowOverwriteName": false,
                        "StepNumber": 2
                    },
                    {
                        "Type": "ReplaceAsset",
                        "FromDataFile": "SaberHandle.dat",
                        "Locator": {
                            "TypeIs": "Mesh",
                            "NameIs": "SaberHandle"
                        },
                        "AllowOverwriteName": false,
                        "StepNumber": 3
                    },
                    {
                        "Type": "ReplaceAsset",
                        "FromDataFile": "FakeGlow0.dat",
                        "Locator": {
                            "PathIs": {
                                "AssetFilename": "sharedassets15.assets",
                                "PathID": 28
                            }
                        },
                        "AllowOverwriteName": false,
                        "StepNumber": 4
                    },
                    {
                        "Type": "ReplaceAsset",
                        "FromDataFile": "FakeGlow1.dat",
                        "Locator": {
                            "PathIs": {
                                "AssetFilename": "sharedassets15.assets",
                                "PathID": 29
                            }
                        },
                        "AllowOverwriteName": false,
                        "StepNumber": 5
                    },
                    {
                        "Type": "ReplaceAsset",
                        "FromDataFile": "FullTrail.dat",
                        "Locator": {
                            "TypeIs": "Texture2D",
                            "NameIs": "FullTrail"
                        },
                        "AllowOverwriteName": false,
                        "StepNumber": 6
                    }
                ]
            },
            "UninstallAction": {
                "PreloadFiles": [
                    "sharedassets15.assets"
                ],
                "Actions": [
                    {
                        "Type": "RestoreAsset",
                        "Locator": {
                            "TypeIs": "Mesh",
                            "NameIs": "SaberBlade"
                        },
                        "StepNumber": 1
                    },
                    {
                        "Type": "RestoreAsset",
                        "Locator": {
                            "TypeIs": "Mesh",
                            "NameIs": "SaberGlowingEdges"
                        },
                        "StepNumber": 2
                    },
                    {
                        "Type": "RestoreAsset",
                        "Locator": {
                            "TypeIs": "Mesh",
                            "NameIs": "SaberHandle"
                        },
                        "StepNumber": 3
                    },
                    {
                        "Type": "RestoreAsset",
                        "Locator": {
                            "PathIs": {
                                "AssetFilename": "sharedassets15.assets",
                                "PathID": 28
                            }
                        },
                        "StepNumber": 4
                    },
                    {
                        "Type": "RestoreAsset",
                        "Locator": {
                            "PathIs": {
                                "AssetFilename": "sharedassets15.assets",
                                "PathID": 29
                            }
                        },
                        "StepNumber": 5
                    },
                    {
                        "Type": "RestoreAsset",
                        "Locator": {
                            "TypeIs": "Texture2D",
                            "NameIs": "FullTrail"
                        },
                        "StepNumber": 6
                    }
                ]
            }
        }
    ],
    "version": "1.0.0",
    "links": {},
    "description": [
        "To make doubly sure those notes are right."
    ],
    "gameVersion": "1.7.0",
    "platform": "Quest",
    "id": "TuningForkSaberV1",
    "name": "Tuning Fork Saber V1",
    "author": "RedBrumbler",
    "category": "Saber"
}