{
    "coverImageFilename": "cover.png",
    "icon": "cover.png",
    "components": [
        {
            "type": "FileCopyMod",
            "sourceFileName": "TwistedTalon.qsaber",
            "targetRootedPathAndFileName": "/sdcard/Android/data/com.beatgames.beatsaber/files/sabers/testSaber.qsaber"
        }
    ],
    "version": "1.0.0",
    "links": {
        "pageLink": " https://discord.gg/NXnPYEh"
    },
    "description": [
        "PC Saber TwistedTalon By Savage#2422 Ported to Quest by Chara_#9355. Your standard staber with a literal twist!"
    ],
    "gameVersion": "1.10.0",
    "platform": "Quest",
    "id": "TwistedTalonChara_1.0.0",
    "name": "TwistedTalon",
    "author": "Chara_",
    "category": "Saber"
}