{
    "id": "MasterSaberV1",
    "name": "Master Sabers",
    "author": "PixelPoizon (Sabers), Node (Port/BeatOn), kat9274 (Port)",
    "description": [
        "Sabers based on the Master Sword from The Legend of Zelda."
    ],
    "gameVersion": "1.7.0",
    "version": "0.1.0",
    "platform": "Quest",
    "category": "Saber",
    "coverImageFilename": "Cover.jpg",
    "components": [
        {
            "Type": "AssetsMod",
            "InstallAction": {
                "PreloadFiles": [
                    "{{Saber}}"
                ],
                "Actions": [
                    {
                        "Type": "ReplaceAsset",
                        "StepNumber": 1,
                        "Locator": {
                            "TypeIs": "Mesh",
                            "NameIs": "SaberBlade"
                        },
                        "FromDataFile": "SaberBlade.dat"
                    },
                    {
                        "Type": "ReplaceAsset",
                        "StepNumber": 2,
                        "Locator": {
                            "TypeIs": "Mesh",
                            "NameIs": "SaberGlowingEdges"
                        },
                        "FromDataFile": "SaberGlowingEdges.dat"
                    },
                    {
                        "Type": "ReplaceAsset",
                        "StepNumber": 3,
                        "Locator": {
                            "TypeIs": "Mesh",
                            "NameIs": "SaberHandle"
                        },
                        "FromDataFile": "SaberHandle.dat"
                    },
                    {
                        "Type": "ReplaceAsset",
                        "StepNumber": 4,
                        "Locator": {
                            "PathIs": {
                                "AssetFilename": "{{Saber}}",
                                "PathID": 40
                            }
                        },
                        "FromDataFile": "SaberTransform.dat"
                    }
                ]
            },
            "UninstallAction": {
                "PreloadFiles": [
                    "{{Saber}}"
                ],
                "Actions": [
                    {
                        "Type": "RestoreAsset",
                        "StepNumber": 1,
                        "Locator": {
                            "TypeIs": "Mesh",
                            "NameIs": "SaberBlade"
                        }
                    },
                    {
                        "Type": "RestoreAsset",
                        "StepNumber": 2,
                        "Locator": {
                            "TypeIs": "Mesh",
                            "NameIs": "SaberGlowingEdges"
                        }
                    },
                    {
                        "Type": "RestoreAsset",
                        "StepNumber": 3,
                        "Locator": {
                            "TypeIs": "Mesh",
                            "NameIs": "SaberHandle"
                        }
                    },
                    {
                        "Type": "RestoreAsset",
                        "StepNumber": 4,
                        "Locator": {
                            "PathIs": {
                                "AssetFilename": "{{Saber}}",
                                "PathID": 40
                            }
                        }
                    }
                ]
            }
        }
    ]
}