﻿{
  "id": "DrumstickMenuModelV1",
  "name": "Drumstick Menu Model V1",
  "author": "RedBrumbler",
  "description": ["For when you crave a snacc in the beat saber menus"],
  "gameVersion": "1.6.0",
  "version": "1.0.0",
  "platform": "Quest",
  "category": "Other",
  "coverImageFilename": "Cover.png",
  "components": [
    {
      "Type": "AssetsMod",
      "InstallAction": {
        "PreloadFiles": ["sharedassets1.assets"],
		"Actions": [
			{
				"Type": "ReplaceAsset",
				"StepNumber": 1,
				"Locator": { 
					"TypeIs": "Mesh",
					"NameIs": "Normal"
					},
				"FromDataFile": "Normal.dat"
			},
			{
				"Type": "ReplaceAsset",
				"StepNumber": 2,
				"Locator": { 
					"TypeIs": "Mesh",
					"NameIs": "Glowing"
					},
				"FromDataFile": "Glowing.dat"
			}
		]
      },
	  "UninstallAction": {
        "PreloadFiles": ["sharedassets1.assets"],
		"Actions": [
			{
				"Type": "RestoreAsset",
				"StepNumber": 1,
				"Locator": { 
					"TypeIs": "Mesh",
					"NameIs": "Normal"
					}				
			},
			{
				"Type": "RestoreAsset",
				"StepNumber": 2,
				"Locator": { 
					"TypeIs": "Mesh",
					"NameIs": "Glowing"
					}
			}
		]
      }
    }
  ]
}