{
    "coverImageFilename": "cover.png",
    "icon": "cover.png",
    "components": [
        {
            "type": "FileCopyMod",
            "sourceFileName": "ExtremeLowPoly.qsaber",
            "targetRootedPathAndFileName": "/sdcard/Android/data/com.beatgames.beatsaber/files/sabers/testSaber.qsaber"
        }
    ],
    "version": "1.0.0",
    "links": {
        "pageLink": "pagelink"
    },
    "description": [
        "If you want to have less lag, use this saber with only 6 verts / 4 faces!"
    ],
    "gameVersion": "1.9.1",
    "platform": "Quest",
    "id": "ExtremeLowPolyBrinchV1.0.0",
    "name": "ExtremeLowPoly",
    "author": "Brinch",
    "category": "Saber"
}