{
  "coverImageFilename": "RunningNotes.jpg",
  "icon": "RunningNotes.jpg",
  "components": [
    {
      "Type": "AssetsMod",
      "InstallAction": {
        "PreloadFiles": [
          "{{Note}}"
        ],
        "Actions": [
          {
            "Type": "ReplaceAsset",
            "FromDataFile": "CubeNoteSmoothHD.dat",
            "Locator": {
              "TypeIs": "Mesh",
              "NameIs": "CubeNoteSmoothHD"
            },
            "AllowOverwriteName": false,
            "StepNumber": 1
          }
        ]
      },
      "UninstallAction": {
        "PreloadFiles": [
          "{{Note}}"
        ],
        "Actions": [
          {
            "Type": "RestoreAsset",
            "Locator": {
              "TypeIs": "Mesh",
              "NameIs": "CubeNoteSmoothHD"
            },
            "StepNumber": 1
          }
        ]
      }
    }
  ],
  "version": "1.0.1",
  "links": {},
  "description": [
    "Notes with legs and arms."
  ],
  "gameVersion": "1.9.1",
  "platform": "Quest",
  "id": "RunningNotes",
  "name": "Running Notes - Quest remake",
  "author": "Brinch",
  "category": "Other"
}