{
  "coverImageFilename": "Cover.png",
  "icon": "Cover.png",
  "components": [
    {
      "Type": "AssetsMod",
      "InstallAction": {
        "PreloadFiles": [
          "sharedassets22.assets"
        ],
        "Actions": [
          {
            "Type": "ReplaceAsset",
            "FromDataFile": "LogoBat.dat",
            "Locator": {
              "TypeIs": "Texture2D",
              "NameIs": "LogoBat"
            },
            "AllowOverwriteName": false,
            "StepNumber": 1
          },
          {
            "Type": "ReplaceAsset",
            "FromDataFile": "LogoE.dat",
            "Locator": {
              "TypeIs": "Texture2D",
              "NameIs": "LogoE"
            },
            "AllowOverwriteName": false,
            "StepNumber": 2
          },
          {
            "Type": "ReplaceAsset",
            "FromDataFile": "LogoSaber.dat",
            "Locator": {
              "TypeIs": "Texture2D",
              "NameIs": "LogoSaber"
            },
            "AllowOverwriteName": false,
            "StepNumber": 3
          }
        ]
      },
      "UninstallAction": {
        "PreloadFiles": [
          "sharedassets22.assets"
        ],
        "Actions": [
          {
            "Type": "RestoreAsset",
            "Locator": {
              "TypeIs": "Texture2D",
              "NameIs": "LogoBat"
            },
            "StepNumber": 1
          },
          {
            "Type": "RestoreAsset",
            "Locator": {
              "TypeIs": "Texture2D",
              "NameIs": "LogoE"
            },
            "StepNumber": 2
          },
          {
            "Type": "RestoreAsset",
            "Locator": {
              "TypeIs": "Texture2D",
              "NameIs": "LogoSaber"
            },
            "StepNumber": 3
          }
        ]
      }
    }
  ],
  "version": "1.0.0",
  "links": {},
  "description": [
    "Changes the Beat Saber Logo in the menu to a SideQuest Rocks! sign!"
  ],
  "gameVersion": "1.2.0",
  "platform": "Quest",
  "id": "SideQuestRocks",
  "name": "SideQuest Rocks! Sign",
  "author": "Tyco Tech",
  "category": "Other"
}