{
    "coverImageFilename": "Cover.png",
    "icon": "Cover.png",
    "components": [
        {
            "Type": "AssetsMod",
            "InstallAction": {
                "PreloadFiles": [
                    "sharedassets1.assets"
                ],
                "Actions": [
                    {
                        "Type": "ReplaceAsset",
                        "FromDataFile": "Normal.dat",
                        "Locator": {
                            "TypeIs": "Mesh",
                            "NameIs": "Normal"
                        },
                        "AllowOverwriteName": false,
                        "StepNumber": 1
                    },
                    {
                        "Type": "ReplaceAsset",
                        "FromDataFile": "Glowing.dat",
                        "Locator": {
                            "TypeIs": "Mesh",
                            "NameIs": "Glowing"
                        },
                        "AllowOverwriteName": false,
                        "StepNumber": 2
                    }
                ]
            },
            "UninstallAction": {
                "PreloadFiles": [
                    "sharedassets1.assets"
                ],
                "Actions": [
                    {
                        "Type": "RestoreAsset",
                        "Locator": {
                            "TypeIs": "Mesh",
                            "NameIs": "Normal"
                        },
                        "StepNumber": 1
                    },
                    {
                        "Type": "RestoreAsset",
                        "Locator": {
                            "TypeIs": "Mesh",
                            "NameIs": "Glowing"
                        },
                        "StepNumber": 2
                    }
                ]
            }
        }
    ],
    "version": "0.1.0",
    "links": {},
    "description": [
        "Handle to a prominent sword amongst warriors"
    ],
    "gameVersion": "1.7.0",
    "platform": "Quest",
    "id": "KeystoneBladePointer",
    "name": "Keystone Blade (Menu)",
    "author": "Yuuki",
    "category": "Other"
}