﻿{
  "id": "InvisiBlocksV1",
  "name": "InvisiBlocks V1",
  "author": "Yuuki",
  "description": ["Can't miss what ya can't see"],
  "gameVersion": "1.4.1",
  "version": "1.0.0",
  "platform": "Quest",
  "category": "Other",
  "coverImageFilename": "Cover.png",
  "components": [
   {
      "Type": "AssetsMod",
      "InstallAction": {
        "PreloadFiles": ["sharedassets14.assets"],
		"Actions": [
			{
				"Type": "ReplaceAsset",
				"StepNumber": 1,
				"Locator": { 
					
					"TypeIs": "Mesh",
					"NameIs": "CubeNoteSmoothHD"
					},
				"FromDataFile": "CubeNoteSmoothHD.dat"
			}
		]
      },
	  "UninstallAction": {
        "PreloadFiles": ["sharedassets14.assets"],
		"Actions": [
			{
				"Type": "RestoreAsset",
				"StepNumber": 1,
				"Locator": { 
					
					"TypeIs": "Mesh",
					"NameIs": "CubeNoteSmoothHD"
					}				
			}
		]
      }
    }
  ]
}