{
  "gameVersion":"1.8.0",
  "author":"Gladpus",
  "links":{

  },
  "name":"WireCross Cube-Mod",
  "description":[
    "WireCross Notecube and Arrow, makes the notecubes somewhat easier to read when hurtling toward you at great speed"
  ],
  "id":"WireCrossNote_001",
  "version":"1.0.0",
  "components":[
    {
      "Type":"AssetsMod",
      "InstallAction":{
        "PreloadFiles":[
          "{{Note}}"
        ],
        "Actions":[
          {
            "Type":"ReplaceAsset",
            "FromDataFile":"NoteArrow.dat",
            "Locator":{
              "TypeIs":"Mesh",
              "NameIs":"Arrow"
            },
            "AllowOverwriteName":false,
            "StepNumber":1
          },
          {
            "Type":"ReplaceAsset",
            "FromDataFile":"NoteCube.dat",
            "Locator":{
              "TypeIs":"Mesh",
              "NameIs":"CubeNoteSmoothHD"
            },
            "AllowOverwriteName":false,
            "StepNumber":2
          }
        ]
      },
      "UninstallAction":{
        "PreloadFiles":[
          "{{Note}}"
        ],
        "Actions":[
          {
            "Type":"RestoreAsset",
            "Locator":{
              "TypeIs":"Mesh",
              "NameIs":"Arrow"
            },
            "StepNumber":1
          },
          {
            "Type":"RestoreAsset",
            "Locator":{
              "TypeIs":"Mesh",
              "NameIs":"CubeNoteSmoothHD"
            },
            "StepNumber":2
          }
        ]
      }
    }
  ],
  "icon":"Cover.png",
  "coverImageFilename":"Cover.png",
  "category":"Note",
  "platform":"Quest"
}