{
  "coverImageFilename": "Cover.jpg",
  "icon": "Cover.jpg",
  "components": [
    {
      "Type": "AssetsMod",
      "InstallAction": {
        "PreloadFiles": [
		  "sharedassets2.assets"
        ],
        "Actions": [
          {
            "Type": "ReplaceAsset",
            "FromDataFile": "MenuClick.dat",
            "Locator": {
              "TypeIs": "AudioClip",
              "NameIs": "MenuClick0"
            },
            "AllowOverwriteName": false,
            "StepNumber": 1
          }
        ]
      },
      "UninstallAction": {
        "PreloadFiles": [
		  "sharedassets2.assets"
        ],
        "Actions": [
          {
            "Type": "RestoreAsset",
            "Locator": {
              "TypeIs": "AudioClip",
              "NameIs": "MenuClick0"
            },
            "StepNumber": 1
          }
        ]
      }
    }
  ],
  "version": "1.0.0",
  "links": {},
  "description": [
    "click, click, click"
  ],
  "gameVersion": "1.7.0",
  "platform": "Quest",
  "id": "WiiModPack",
  "name": "WiiMenuClick - Part of the Wii mod pack.",
  "author": "Brinch",
  "category": "Other"
}