{
  "coverImageFilename": "Cover.png",
  "icon": "Cover.png",
  "components": [
    {
      "Type": "AssetsMod",
      "InstallAction": {
        "PreloadFiles": [
          "sharedassets15.assets"
        ],
        "Actions": [
          {
            "Type": "ReplaceAsset",
            "FromDataFile": "FakeGlow0.dat",
            "Locator": {
              "PathIs": {
                "AssetFilename": "sharedassets15.assets",
                "PathID": 28
              }
            },
            "AllowOverwriteName": false,
            "StepNumber": 1
          },
		  {
            "Type": "ReplaceAsset",
            "FromDataFile": "FakeGlow1.dat",
            "Locator": {
              "PathIs": {
                "AssetFilename": "sharedassets15.assets",
                "PathID": 29
              }
            },
            "AllowOverwriteName": false,
            "StepNumber": 2
          }
        ]
      },
      "UninstallAction": {
        "PreloadFiles": [
          "sharedassets15.assets"
        ],
        "Actions": [
          {
            "Type": "RestoreAsset",
            "Locator": {
              "PathIs": {
                "AssetFilename": "sharedassets15.assets",
                "PathID": 28
              }
            },
            "StepNumber": 1
          },
		  {
            "Type": "RestoreAsset",
            "Locator": {
              "PathIs": {
                "AssetFilename": "sharedassets15.assets",
                "PathID": 29
              }
            },
            "StepNumber": 2
          }
        ]
      }
    }
  ],
  "version": "1.0.0",
  "links": {},
  "description": [
    "Disable the saber fake glow effect"
  ],
  "gameVersion": "1.5.0",
  "platform": "Quest",
  "id": "SaberGlowDisablerV1",
  "name": "Saber Glow Disabler V1",
  "author": "RedBrumbler",
  "category": "Other"
}