{
    "coverImageFilename": "Cover.png",
    "icon": "Cover.png",
    "components": [
        {
            "Type": "AssetsMod",
            "InstallAction": {
                "PreloadFiles": [
                    "sharedassets14.assets"
                ],
                "Actions": [
                    {
                        "Type": "ReplaceAsset",
                        "FromDataFile": "FakeGlow0.dat",
                        "Locator": {
                            "PathIs": {
                                "AssetFilename": "sharedassets14.assets",
                                "PathID": 28
                            }
                        },
                        "AllowOverwriteName": false,
                        "StepNumber": 1
                    },
                    {
                        "Type": "ReplaceAsset",
                        "FromDataFile": "FakeGlow1.dat",
                        "Locator": {
                            "PathIs": {
                                "AssetFilename": "sharedassets14.assets",
                                "PathID": 29
                            }
                        },
                        "AllowOverwriteName": false,
                        "StepNumber": 2
                    },
                    {
                        "Type": "ReplaceAsset",
                        "FromDataFile": "SaberRenderer.dat",
                        "Locator": {
                            "PathIs": {
                                "AssetFilename": "sharedassets14.assets",
                                "PathID": 44
                            }
                        },
                        "AllowOverwriteName": false,
                        "StepNumber": 3
                    },
                    {
                        "Type": "ReplaceAsset",
                        "FromDataFile": "SaberRenderer.dat",
                        "Locator": {
                            "PathIs": {
                                "AssetFilename": "sharedassets14.assets",
                                "PathID": 43
                            }
                        },
                        "AllowOverwriteName": false,
                        "StepNumber": 4
                    },
                    {
                        "Type": "ReplaceAsset",
                        "FromDataFile": "SaberRenderer.dat",
                        "Locator": {
                            "PathIs": {
                                "AssetFilename": "sharedassets14.assets",
                                "PathID": 46
                            }
                        },
                        "AllowOverwriteName": false,
                        "StepNumber": 5
                    },
                    {
                        "Type": "ReplaceAsset",
                        "FromDataFile": "FullTrail.dat",
                        "Locator": {
                            "TypeIs": "Texture2D",
                            "NameIs": "FullTrail"
                        },
                        "AllowOverwriteName": false,
                        "StepNumber": 6
                    }
                ]
            },
            "UninstallAction": {
                "PreloadFiles": [
                    "sharedassets14.assets"
                ],
                "Actions": [
                    {
                        "Type": "RestoreAsset",
                        "Locator": {
                            "PathIs": {
                                "AssetFilename": "sharedassets14.assets",
                                "PathID": 28
                            }
                        },
                        "StepNumber": 1
                    },
                    {
                        "Type": "RestoreAsset",
                        "Locator": {
                            "PathIs": {
                                "AssetFilename": "sharedassets14.assets",
                                "PathID": 28
                            }
                        },
                        "StepNumber": 2
                    },
                    {
                        "Type": "RestoreAsset",
                        "Locator": {
                            "PathIs": {
                                "AssetFilename": "sharedassets14.assets",
                                "PathID": 43
                            }
                        },
                        "StepNumber": 3
                    },
                    {
                        "Type": "RestoreAsset",
                        "Locator": {
                            "PathIs": {
                                "AssetFilename": "sharedassets14.assets",
                                "PathID": 44
                            }
                        },
                        "StepNumber": 4
                    },
                    {
                        "Type": "RestoreAsset",
                        "Locator": {
                            "PathIs": {
                                "AssetFilename": "sharedassets14.assets",
                                "PathID": 46
                            }
                        },
                        "StepNumber": 5
                    },
                    {
                        "Type": "RestoreAsset",
                        "Locator": {
                            "TypeIs": "Texture2D",
                            "NameIs": "FullTrail"
                        },
                        "StepNumber": 6
                    }
                ]
            }
        }
    ],
    "version": "1.0.0",
    "links": {},
    "description": [
        "Hold up, where did it go?"
    ],
    "gameVersion": "1.7.0",
    "platform": "Quest",
    "id": "InvisibleSaberV1",
    "name": "Invisible Saber V1",
    "author": "RedBrumbler",
    "category": "Saber"
}