﻿{
    "id": "SolarianSwordV1",
    "name": "Solarian Sword V1",
    "author": "LaBandit915",
    "description": [
        "A Sword made from the show 'Star vs the Forces of Evil'. Also thanks again epic_ethan1234 :D"
    ],
    "gameVersion": "1.7.0",
    "version": "1.0.0",
    "platform": "Quest",
    "category": "Saber",
    "coverImageFilename": "Cover.png",
    "components": [
        {
            "Type": "AssetsMod",
            "InstallAction": {
                "PreloadFiles": [
                    "{{Saber}}"
                ],
                "Actions": [
                    {
                        "Type": "ReplaceAsset",
                        "StepNumber": 1,
                        "Locator": {
                            "TypeIs": "Mesh",
                            "NameIs": "SaberBlade"
                        },
                        "FromDataFile": "SaberBlade.dat"
                    },
                    {
                        "Type": "ReplaceAsset",
                        "StepNumber": 1,
                        "Locator": {
                            "TypeIs": "Mesh",
                            "NameIs": "SaberGlowingEdges"
                        },
                        "FromDataFile": "SaberGlowingEdges.dat"
                    },
                    {
                        "Type": "ReplaceAsset",
                        "StepNumber": 1,
                        "Locator": {
                            "TypeIs": "Mesh",
                            "NameIs": "SaberHandle"
                        },
                        "FromDataFile": "SaberHandle.dat"
                    }
                ]
            },
            "UninstallAction": {
                "PreloadFiles": [
                    "{{Saber}}"
                ],
                "Actions": [
                    {
                        "Type": "RestoreAsset",
                        "StepNumber": 1,
                        "Locator": {
                            "TypeIs": "Mesh",
                            "NameIs": "SaberBlade"
                        }
                    },
                    {
                        "Type": "RestoreAsset",
                        "StepNumber": 2,
                        "Locator": {
                            "TypeIs": "Mesh",
                            "NameIs": "SaberGlowingEdges"
                        }
                    },
                    {
                        "Type": "RestoreAsset",
                        "StepNumber": 3,
                        "Locator": {
                            "TypeIs": "Mesh",
                            "NameIs": "SaberHandle"
                        }
                    }
                ]
            }
        }
    ]
}