{
    "coverImageFilename": "cover.png",
    "icon": "cover.png",
    "components": [
        {
            "type": "FileCopyMod",
            "sourceFileName": "LessLagSaber.qsaber",
            "targetRootedPathAndFileName": "/sdcard/Android/data/com.beatgames.beatsaber/files/sabers/testSaber.qsaber"
        }
    ],
    "version": "1.0.0",
    "links": {
        "pageLink": "pagelink"
    },
    "description": [
        "This saber is only made of 8 vertices! Use this to (hopefully) have less lag."
    ],
    "gameVersion": "1.9.0",
    "platform": "Quest",
    "id": "NoLagSaberBrinchV1.0.0",
    "name": "LessLagSaber",
    "author": "Brinch",
    "category": "Saber"
}