{
    "coverImageFilename": "Cover.jpg",
    "icon": "Cover.jpg",
    "components": [
        {
            "Type": "AssetsMod",
            "InstallAction": {
                "PreloadFiles": [
                    "{{Saber}}"
                ],
                "Actions": [
                    {
                        "Type": "ReplaceAsset",
                        "FromDataFile": "SaberBlade.dat",
                        "AllowOverwriteName": false,
                        "Locator": {
                            "TypeIs": "Mesh",
                            "NameIs": "SaberBlade"
                        },
                        "StepNumber": 1
                    },
                    {
                        "Type": "ReplaceAsset",
                        "FromDataFile": "SaberGlowingEdges.dat",
                        "AllowOverwriteName": false,
                        "Locator": {
                            "TypeIs": "Mesh",
                            "NameIs": "SaberGlowingEdges"
                        },
                        "StepNumber": 2
                    },
                    {
                        "Type": "ReplaceAsset",
                        "FromDataFile": "SaberHandle.dat",
                        "AllowOverwriteName": false,
                        "Locator": {
                            "TypeIs": "Mesh",
                            "NameIs": "SaberHandle"
                        },
                        "StepNumber": 3
                    }
                ]
            },
            "UninstallAction": {
                "PreloadFiles": [
                    "{{Saber}}"
                ],
                "Actions": [
                    {
                        "Type": "RestoreAsset",
                        "Locator": {
                            "TypeIs": "Mesh",
                            "NameIs": "SaberBlade"
                        },
                        "StepNumber": 1
                    },
                    {
                        "Type": "RestoreAsset",
                        "Locator": {
                            "TypeIs": "Mesh",
                            "NameIs": "SaberGlowingEdges"
                        },
                        "StepNumber": 2
                    },
                    {
                        "Type": "RestoreAsset",
                        "Locator": {
                            "TypeIs": "Mesh",
                            "NameIs": "SaberHandle"
                        },
                        "StepNumber": 3
                    }
                ]
            }
        }
    ],
    "version": "0.3.0",
    "links": {},
    "description": [
        "A sword of mystical origins..."
    ],
    "gameVersion": "1.7.0",
    "platform": "Quest",
    "id": "ALTTPTemperedSwordV3",
    "name": "ALTTP Tempered Sword",
    "author": "Yuuki",
    "category": "Saber"
}