{
    "coverImageFilename": "Cover.png",
    "icon": "Cover.png",
    "components": [
        {
            "Type": "AssetsMod",
            "InstallAction": {
                "PreloadFiles": [
                    "{{Platform}}",
                    "{{MenuTitle}}",
                    "{{Note}}",
                    "{{Saber}}",
                    "sharedassets2.assets"
                ],
                "Actions": [
                    {
                        "Type": "ReplaceAsset",
                        "FromDataFile": "LogoBat.dat",
                        "Locator": {
                            "TypeIs": "Texture2D",
                            "NameIs": "LogoBat"
                        },
                        "AllowOverwriteName": false,
                        "StepNumber": 1
                    },
                    {
                        "Type": "ReplaceAsset",
                        "FromDataFile": "LogoE.dat",
                        "Locator": {
                            "TypeIs": "Texture2D",
                            "NameIs": "LogoE"
                        },
                        "AllowOverwriteName": false,
                        "StepNumber": 2
                    },
                    {
                        "Type": "ReplaceAsset",
                        "FromDataFile": "LogoSaber.dat",
                        "Locator": {
                            "TypeIs": "Texture2D",
                            "NameIs": "LogoSaber"
                        },
                        "AllowOverwriteName": false,
                        "StepNumber": 3
                    },
                    {
                        "Type": "ReplaceAsset",
                        "FromDataFile": "CubeNoteSmoothHD.dat",
                        "Locator": {
                            "TypeIs": "Mesh",
                            "NameIs": "CubeNoteSmoothHD"
                        },
                        "AllowOverwriteName": false,
                        "StepNumber": 4
                    },
                    {
                        "Type": "ReplaceAsset",
                        "FromDataFile": "FullTrail.dat",
                        "Locator": {
                            "TypeIs": "Texture2D",
                            "NameIs": "FullTrail"
                        },
                        "AllowOverwriteName": false,
                        "StepNumber": 5
                    },
                    {
                        "Type": "ReplaceAsset",
                        "FromDataFile": "PlayersPlaceCore.dat",
                        "Locator": {
                            "TypeIs": "Mesh",
                            "NameIs": "PlayersPlaceCore"
                        },
                        "AllowOverwriteName": false,
                        "StepNumber": 6
                    },
                    {
                        "Type": "ReplaceAsset",
                        "FromDataFile": "PlayersPlaceFrame.dat",
                        "Locator": {
                            "TypeIs": "Mesh",
                            "NameIs": "PlayersPlaceFrame"
                        },
                        "AllowOverwriteName": false,
                        "StepNumber": 7
                    },
                    {
                        "Type": "ReplaceAsset",
                        "FromDataFile": "SaberBlade.dat",
                        "Locator": {
                            "TypeIs": "Mesh",
                            "NameIs": "SaberBlade"
                        },
                        "AllowOverwriteName": false,
                        "StepNumber": 8
                    },
                    {
                        "Type": "ReplaceAsset",
                        "FromDataFile": "SaberGlowingEdges.dat",
                        "Locator": {
                            "TypeIs": "Mesh",
                            "NameIs": "SaberGlowingEdges"
                        },
                        "AllowOverwriteName": false,
                        "StepNumber": 9
                    },
                    {
                        "Type": "ReplaceAsset",
                        "FromDataFile": "SaberHandle.dat",
                        "Locator": {
                            "TypeIs": "Mesh",
                            "NameIs": "SaberHandle"
                        },
                        "AllowOverwriteName": false,
                        "StepNumber": 10
                    },
                    {
                        "Type": "ReplaceAsset",
                        "FromDataFile": "Normal.dat",
                        "Locator": {
                            "TypeIs": "Mesh",
                            "NameIs": "Normal"
                        },
                        "AllowOverwriteName": false,
                        "StepNumber": 11
                    },
                    {
                        "Type": "ReplaceAsset",
                        "FromDataFile": "Glowing.dat",
                        "Locator": {
                            "TypeIs": "Mesh",
                            "NameIs": "Glowing"
                        },
                        "AllowOverwriteName": false,
                        "StepNumber": 12
                    }
                ]
            },
            "UninstallAction": {
                "PreloadFiles": [
                    "{{Platform}}",
                    "{{MenuTitle}}",
                    "{{Note}}",
                    "{{Saber}}",
                    "sharedassets2.assets"
                ],
                "Actions": [
                    {
                        "Type": "RestoreAsset",
                        "Locator": {
                            "TypeIs": "Texture2D",
                            "NameIs": "LogoBat"
                        },
                        "StepNumber": 1
                    },
                    {
                        "Type": "RestoreAsset",
                        "Locator": {
                            "TypeIs": "Texture2D",
                            "NameIs": "LogoE"
                        },
                        "StepNumber": 2
                    },
                    {
                        "Type": "RestoreAsset",
                        "Locator": {
                            "TypeIs": "Texture2D",
                            "NameIs": "LogoSaber"
                        },
                        "StepNumber": 3
                    },
                    {
                        "Type": "RestoreAsset",
                        "Locator": {
                            "TypeIs": "Mesh",
                            "NameIs": "CubeNoteSmoothHD"
                        },
                        "StepNumber": 4
                    },
                    {
                        "Type": "RestoreAsset",
                        "Locator": {
                            "TypeIs": "Texture2D",
                            "NameIs": "FullTrail"
                        },
                        "StepNumber": 5
                    },
                    {
                        "Type": "RestoreAsset",
                        "Locator": {
                            "TypeIs": "Mesh",
                            "NameIs": "PlayersPlaceCore"
                        },
                        "StepNumber": 6
                    },
                    {
                        "Type": "RestoreAsset",
                        "Locator": {
                            "TypeIs": "Mesh",
                            "NameIs": "PlayersPlaceFrame"
                        },
                        "StepNumber": 7
                    },
                    {
                        "Type": "RestoreAsset",
                        "Locator": {
                            "TypeIs": "Mesh",
                            "NameIs": "SaberBlade"
                        },
                        "StepNumber": 8
                    },
                    {
                        "Type": "RestoreAsset",
                        "Locator": {
                            "TypeIs": "Mesh",
                            "NameIs": "SaberGlowingEdges"
                        },
                        "StepNumber": 9
                    },
                    {
                        "Type": "RestoreAsset",
                        "Locator": {
                            "TypeIs": "Mesh",
                            "NameIs": "SaberHandle"
                        },
                        "StepNumber": 10
                    },
                    {
                        "Type": "RestoreAsset",
                        "Locator": {
                            "TypeIs": "Mesh",
                            "NameIs": "Normal"
                        },
                        "StepNumber": 11
                    },
                    {
                        "Type": "RestoreAsset",
                        "Locator": {
                            "TypeIs": "Mesh",
                            "NameIs": "Glowing"
                        },
                        "StepNumber": 12
                    }
                ]
            }
        }
    ],
    "version": "1.0.0",
    "links": {},
    "description": [
        "The Official Little Shop Of Horrors Beatmap mod bundle for quest! made by RedBrumbler and L_Death"
    ],
    "gameVersion": "1.7.0",
    "platform": "Quest",
    "id": "ShopOfSabersV1",
    "name": "Little Shop Of Sabers",
    "author": "RedBrumbler and L_Death",
    "category": "Other"
}