{
    "coverImageFilename": "cover.png",
    "icon": "cover.png",
    "components": [
        {
            "type": "FileCopyMod",
            "sourceFileName": "RedBrumbler SpinPro.qsaber",
            "targetRootedPathAndFileName": "/sdcard/Android/data/com.beatgames.beatsaber/files/sabers/testSaber.qsaber"
        },
        {
            "Type": "AssetsMod",
            "InstallAction": {
                "PreloadFiles": [
                    "{{Saber}}"
                ],
                "Actions": [
                    {
                        "Type": "ReplaceAsset",
                        "FromDataFile": "FullTrail.dat",
                        "Locator": {
                            "TypeIs": "Texture2D",
                            "NameIs": "FullTrail"
                        },
                        "AllowOverwriteName": false,
                        "StepNumber": 1
                    }
                ]
            },
            "UninstallAction": {
                "PreloadFiles": [
                    "{{Saber}}"
                ],
                "Actions": [
                    {
                        "Type": "RestoreAsset",
                        "Locator": {
                            "TypeIs": "Texture2D",
                            "NameIs": "FullTrail"
                        },
                        "StepNumber": 1
                    }
                ]
            }
        }
    ],
    "version": "1.0.0",
    "links": {
        "pageLink": "https://github.com/RedBrumbler/BMBFCustomSabers/wiki/Commisions"
    },
    "description": [
        "RedBrumbler on a saber!"
    ],
    "gameVersion": "1.9.0",
    "platform": "Quest",
    "id": "RedBrumblerSpinProRedBrumblerV1.0.0",
    "name": "RedBrumbler SpinPro",
    "author": "RedBrumbler",
    "category": "Saber"
}