{
    "coverImageFilename": "cover.png",
    "icon": "cover.png",
    "components": [
        {
            "type": "FileCopyMod",
            "sourceFileName": "SideQuest Saber.qsaber",
            "targetRootedPathAndFileName": "/sdcard/Android/data/com.beatgames.beatsaber/files/sabers/testSaber.qsaber"
        }
    ],
    "version": "1.0.0",
    "links": {
        "pageLink": "https://github.com/RedBrumbler/BMBFCustomSabers/wiki/Commisions"
    },
    "description": [
        "A tribute to the program made by shane for all your sideloading needs!"
    ],
    "gameVersion": "1.10.0",
    "platform": "Quest",
    "id": "SideQuestSaberRedBrumblerV1.0.0",
    "name": "SideQuest Saber",
    "author": "RedBrumbler",
    "category": "Saber"
}