{
    "coverImageFilename": "cover.png",
    "icon": "cover.png",
    "components": [
        {
            "type": "FileCopyMod",
            "sourceFileName": "Plunger Saber.qsaber",
            "targetRootedPathAndFileName": "/sdcard/Android/data/com.beatgames.beatsaber/files/sabers/testSaber.qsaber"
        }
    ],
    "version": "1.0.0",
    "links": {
        "pageLink": "https://github.com/RedBrumbler/BMBFCustomSabers/wiki/Commisions"
    },
    "description": [
        "Let's-a-go! plunge-a into-a those-a songs-a!"
    ],
    "gameVersion": "1.13.0",
    "platform": "Quest",
    "id": "PlungerSaberRedBrumblerV1.0.0",
    "name": "Plunger Saber",
    "author": "RedBrumbler",
    "category": "Saber"
}