{
    "coverImageFilename": "cover.png",
    "icon": "cover.png",
    "components": [
        {
            "type": "FileCopyMod",
            "sourceFileName": "Bone Saber.qsaber",
            "targetRootedPathAndFileName": "/sdcard/Android/data/com.beatgames.beatsaber/files/sabers/testSaber.qsaber"
        }
    ],
    "version": "1.0.0",
    "links": {
        "pageLink": "https://github.com/RedBrumbler/BMBFCustomSabers/wiki/Commisions"
    },
    "description": [
        "Put some more backBONE into your gameplay! else you're BONED. Sans approves"
    ],
    "gameVersion": "1.9.0",
    "platform": "Quest",
    "id": "BoneSaberRedBrumblerV1.0.0",
    "name": "Bone Saber",
    "author": "RedBrumbler",
    "category": "Saber"
}