{
  "coverImageFilename": "PerfectCutNote.jpg",
  "icon": "PerfectCutNote.jpg",
  "components": [
    {
      "Type": "AssetsMod",
      "InstallAction": {
        "PreloadFiles": [
          "{{Note}}"
        ],
        "Actions": [
          {
            "Type": "ReplaceAsset",
            "FromDataFile": "Arrow.dat",
            "Locator": {
              "TypeIs": "Mesh",
              "NameIs": "Arrow"
            },
            "AllowOverwriteName": false,
            "StepNumber": 1
          },
          {
            "Type": "ReplaceAsset",
            "FromDataFile": "ArrowGlow.dat",
            "Locator": {
              "TypeIs": "Texture2D",
              "NameIs": "ArrowGlow"
            },
            "AllowOverwriteName": false,
            "StepNumber": 2
          }
        ]
      },
      "UninstallAction": {
        "PreloadFiles": [
          "{{Note}}"
        ],
        "Actions": [
          {
            "Type": "RestoreAsset",
            "Locator": {
              "TypeIs": "Mesh",
              "NameIs": "Arrow"
            },
            "StepNumber": 1
          },
          {
            "Type": "RestoreAsset",
            "Locator": {
              "TypeIs": "Texture2D",
              "NameIs": "ArrowGlow"
            },
            "StepNumber": 2
          }
        ]
      }
    }
  ],
  "version": "0.0.1",
  "links": {},
  "description": [
    "Get better scores with the help of this note."
  ],
  "gameVersion": "1.7.0",
  "platform": "Quest",
  "id": "PerfectCutNote",
  "name": "Perfect Cut Note",
  "author": "Brinch",
  "category": "Other"
}