{
  "id": "Elucidator",
  "name": "Elucidator",
  "author": "JonParrish ported by Temerer",
  "description": ["Elucidator, by JonParrish ported by Temerer"],
  "gameVersion": "1.6.0",
  "version": "1.0.0.0",
  "platform": "Quest",
  "category": "Saber",
  "coverImageFilename": "Cover.jpg",
  "components": [
    {
      "Type": "AssetsMod",
      "InstallAction": {
        "PreloadFiles": ["{{Saber}}"],
    "Actions": [
      {
        "Type": "ReplaceAsset",
        "StepNumber": 1,
        "Locator": { 
          "TypeIs": "Mesh",
          "NameIs": "SaberBlade"
          },
        "FromDataFile": "SaberBlade.dat"
      },
      {
        "Type": "ReplaceAsset",
        "StepNumber": 1,
        "Locator": { 
          "TypeIs": "Mesh",
          "NameIs": "SaberGlowingEdges"
          },
        "FromDataFile": "SaberGlowingEdges.dat"
      },
      {
        "Type": "ReplaceAsset",
        "StepNumber": 1,
        "Locator": { 
          "TypeIs": "Mesh",
          "NameIs": "SaberHandle"
          },
        "FromDataFile": "SaberHandle.dat"
      }
    ]
      },
    "UninstallAction": {
        "PreloadFiles": ["{{Saber}}"],
    "Actions": [
      {
        "Type": "RestoreAsset",
        "StepNumber": 1,
        "Locator": { 
          "TypeIs": "Mesh",
          "NameIs": "SaberBlade"
          }       
      },
      {
        "Type": "RestoreAsset",
        "StepNumber": 2,
        "Locator": { 
          "TypeIs": "Mesh",
          "NameIs": "SaberGlowingEdges"
          }
      },
      {
        "Type": "RestoreAsset",
        "StepNumber": 3,
        "Locator": { 
          "TypeIs": "Mesh",
          "NameIs": "SaberHandle"
          }
      }
    ]
      }
    }
  ]
}