{
  "coverImageFilename": "Cover.jpg",
  "icon": "Cover.jpg",
  "components": [
    {
      "Type": "AssetsMod",
      "InstallAction": {
        "PreloadFiles": [
          "{{Note}}"
        ],
        "Actions": [
          {
            "Type": "ReplaceAsset",
            "FromDataFile": "Arrow.dat",
            "Locator": {
              "TypeIs": "Mesh",
              "NameIs": "Arrow"
            },
            "AllowOverwriteName": false,
            "StepNumber": 1
          },
          {
            "Type": "ReplaceAsset",
            "FromDataFile": "CubeNoteSmoothHD.dat",
            "Locator": {
              "TypeIs": "Mesh",
              "NameIs": "CubeNoteSmoothHD"
            },
            "AllowOverwriteName": false,
            "StepNumber": 2
          }
        ]
      },
      "UninstallAction": {
        "PreloadFiles": [
          "{{Note}}"
        ],
        "Actions": [
          {
            "Type": "RestoreAsset",
            "Locator": {
              "TypeIs": "Mesh",
              "NameIs": "Arrow"
            },
            "StepNumber": 1
          },
          {
            "Type": "RestoreAsset",
            "Locator": {
              "TypeIs": "Mesh",
              "NameIs": "CubeNoteSmoothHD"
            },
            "StepNumber": 2
          }
        ]
      }
    }
  ],
  "version": "1.0.0",
  "links": {},
  "description": [
    " "
  ],
  "gameVersion": "1.7.0",
  "platform": "Quest",
  "id": "Arrow",
  "name": "Arrow Note",
  "author": "Brinch (commissioned by Microfone)",
  "category": "Other"
}