{
  "coverImageFilename": "Cover.png",
  "icon": "Cover.png",
  "components": [
    {
      "Type": "AssetsMod",
      "InstallAction": {
        "PreloadFiles": [
          "sharedassets12.assets"
        ],
        "Actions": [
          {
            "Type": "ReplaceAsset",
            "FromDataFile": "SaberBlade.dat",
            "AllowOverwriteName": false,
            "Locator": {
              "TypeIs": "Mesh",
              "NameIs": "SaberBlade"
            },
            "StepNumber": 1
          },
          {
            "Type": "ReplaceAsset",
            "FromDataFile": "SaberGlowingEdges.dat",
            "AllowOverwriteName": false,
            "Locator": {
              "TypeIs": "Mesh",
              "NameIs": "SaberGlowingEdges"
            },
            "StepNumber": 2
          },
          {
            "Type": "ReplaceAsset",
            "FromDataFile": "SaberHandle.dat",
            "AllowOverwriteName": false,
            "Locator": {
              "TypeIs": "Mesh",
              "NameIs": "SaberHandle"
            },
            "StepNumber": 3
          },
		  {
			"Type": "ReplaceAsset",
            "FromDataFile": "FakeGlow.dat",
            "Locator": {
              "PathIs": {
                "AssetFilename": "sharedassets12.assets",
                "PathID": 30
              }
            },
            "StepNumber": 4
		  }
        ]
      },
      "UninstallAction": {
        "PreloadFiles": [
          "sharedassets12.assets"
        ],
        "Actions": [
          {
            "Type": "RestoreAsset",
            "Locator": {
              "TypeIs": "Mesh",
              "NameIs": "SaberBlade"
            },
            "StepNumber": 1
          },
          {
            "Type": "RestoreAsset",
            "Locator": {
              "TypeIs": "Mesh",
              "NameIs": "SaberGlowingEdges"
            },
            "StepNumber": 2
          },
          {
            "Type": "RestoreAsset",
            "Locator": {
              "TypeIs": "Mesh",
              "NameIs": "SaberHandle"
            },
            "StepNumber": 3
          },
		  {
            "Type": "RestoreAsset",
            "Locator": {
              "PathIs": {
                "AssetFilename": "sharedassets12.assets",
                "PathID": 30
              }
            },
            "StepNumber": 4
          }
        ]
      }
    }
  ],
  "version": "0.1.0",
  "links": {},
  "description": [
    "A blade is only as good as its' weilder. Learn to use this ancient weapon correctly or perish."
  ],
  "gameVersion": "1.2.0",
  "platform": "Quest",
  "id": "NordicSlash",
  "name": "Nordic Slash",
  "author": "Yuuki",
  "category": "Saber"
}