{
  "coverImageFilename": "SphereNotes.jpg",
  "icon": "SphereNotes.jpg",
  "components": [
    {
      "Type": "AssetsMod",
      "InstallAction": {
        "PreloadFiles": [
          "{{Note}}"
        ],
        "Actions": [
          {
            "Type": "ReplaceAsset",
            "FromDataFile": "CubeNoteSmoothHD.dat",
            "Locator": {
              "TypeIs": "Mesh",
              "NameIs": "CubeNoteSmoothHD"
            },
            "AllowOverwriteName": false,
            "StepNumber": 1
          }
        ]
      },
      "UninstallAction": {
        "PreloadFiles": [
          "{{Note}}"
        ],
        "Actions": [
          {
            "Type": "RestoreAsset",
            "Locator": {
              "TypeIs": "Mesh",
              "NameIs": "CubeNoteSmoothHD"
            },
            "StepNumber": 1
          }
        ]
      }
    }
  ],
  "version": "1.0.0",
  "links": {},
  "description": [
    "Are you tired of cubes? If so, make them to spheres!"
  ],
  "gameVersion": "1.8.0",
  "platform": "Quest",
  "id": "SphereNote",
  "name": "Sphere Notes",
  "author": "Brinch",
  "category": "Other"
}