{
    "coverImageFilename": "cover.png",
    "icon": "cover.png",
    "components": [
        {
            "type": "FileCopyMod",
            "sourceFileName": "RulerSaber.qsaber",
            "targetRootedPathAndFileName": "/sdcard/Android/data/com.beatgames.beatsaber/files/sabers/testSaber.qsaber"
        }
    ],
    "version": "1.0.0",
    "links": {
        "pageLink": "https://github.com/RedBrumbler/BMBFCustomSabers/wiki/Commisions"
    },
    "description": [
        "Not for phallic use"
    ],
    "gameVersion": "1.13.0",
    "platform": "Quest",
    "id": "RulerSaberRedBrumblerV1.0.0",
    "name": "RulerSaber",
    "author": "RedBrumbler",
    "category": "Saber"
}