{
    "coverImageFilename": "cover.png",
    "icon": "cover.png",
    "components": [
        {
            "type": "FileCopyMod",
            "sourceFileName": "Burning Hex.qsaber",
            "targetRootedPathAndFileName": "/sdcard/Android/data/com.beatgames.beatsaber/files/sabers/testSaber.qsaber"
        }
    ],
    "version": "1.0.0",
    "links": {
        "pageLink": "https://github.com/RedBrumbler/BMBFCustomSabers/wiki/Commisions"
    },
    "description": [
        "The fire contained in these Hexes is almost like plasma"
    ],
    "gameVersion": "1.10.0",
    "platform": "Quest",
    "id": "BurningHexRedBrumblerV1.0.0",
    "name": "Burning Hex",
    "author": "RedBrumbler, commissioned by Scan7yManx",
    "category": "Saber"
}