{
  "id": "Ricardo Saber Trail",
  "name": "Ricardo Saber Trail",
  "author": "Cynodinium",
  "description": ["'Cause u got that!"],
  "gameVersion": "1.6.0",
  "version": "1.0.3",
  "platform": "Quest",
  "category": "Other",
  "coverImageFilename": "cover.png",
  "components": [
    {
      "coverImageFilename": "Cover.jpg",
	  "Type": "AssetsMod",
      "InstallAction": {
        "PreloadFiles": ["sharedassets18.assets"],
		"Actions": [
			{
            "Type": "ReplaceAsset",
            "FromDataFile": "FullTrail.dat",
            "Locator": {
              "TypeIs": "Texture2D",
              "NameIs": "FullTrail"
            },
            "AllowOverwriteName": false,
            "StepNumber": 1
          }
		]
      },
	  "UninstallAction": {
        "PreloadFiles": ["sharedassets18.assets"],
		"Actions": [
			{
            "Type": "RestoreAsset",
            "Locator": {
              "TypeIs": "Texture2D",
              "NameIs": "FullTrail"
            },
            "StepNumber": 1
          }
		]
      }
    }
  ]
}