{
    "coverImageFilename": "cover.png",
    "icon": "cover.png",
    "components": [
        {
            "type": "FileCopyMod",
            "sourceFileName": "PC recreation + Rainbow Frames.qwall",
            "targetRootedPathAndFileName": "/sdcard/Qosmetics/walls/testWall.qwall"
        }
    ],
    "version": "1.0.0",
    "links": {
        "pageLink": ""
    },
    "description": [
        "PC Walls recreated, now on quest with Rainbow Frame!"
    ],
    "gameVersion": "1.13.0",
    "platform": "Quest",
    "id": "PCrecreation+RainbowFramesRedBrumblerV1.0.0",
    "name": "PC recreation + Rainbow Frames",
    "author": "RedBrumbler",
    "category": "Other"
}