{
    "coverImageFilename": "cover.png",
    "icon": "cover.png",
    "components": [
        {
            "type": "FileCopyMod",
            "sourceFileName": "Enchanted Diamond Pickaxe.qsaber",
            "targetRootedPathAndFileName": "/sdcard/Android/data/com.beatgames.beatsaber/files/sabers/testSaber.qsaber"
        }
    ],
    "version": "1.0.0",
    "links": {
        "pageLink": "https://github.com/RedBrumbler/BMBFCustomSabers/wiki/Commisions"
    },
    "description": [
        "Make sure to \"pick\" the right song!"
    ],
    "gameVersion": "1.13.0",
    "platform": "Quest",
    "id": "EnchantedDiamondPickaxeRedBrumblerV1.0.0",
    "name": "Enchanted Diamond Pickaxe",
    "author": "RedBrumbler",
    "category": "Saber"
}