﻿{
  "id": "AuroraPlatformV2",
  "name": "Aurora Platform V2",
  "author": "Yuuki",
  "description": ["A stage that puts you on top of glowing stones all around you - how will you perform in this environment?"],
  "gameVersion": "1.4.1",
  "version": "2.0.1",
  "platform": "Quest",
  "category": "Gameplay",
  "coverImageFilename": "Cover.jpg",
  "components": [
    {
      "Type": "AssetsMod",
      "InstallAction": {
        "PreloadFiles": ["sharedassets3.assets"],
		"Actions": [
			{
				"Type": "ReplaceAsset",
				"StepNumber": 1,
				"Locator": { 
					"TypeIs": "Mesh",
					"NameIs": "PlayersPlaceCore"
					},
				"FromDataFile": "PlayersPlaceCore.dat"
			},
			{
				"Type": "ReplaceAsset",
				"StepNumber": 1,
				"Locator": { 
					"TypeIs": "Mesh",
					"NameIs": "PlayersPlaceFrame"
					},
				"FromDataFile": "PlayersPlaceFrame.dat"
			}
		]
      },
	  "UninstallAction": {
        "PreloadFiles": ["sharedassets3.assets"],
		"Actions": [
			{
				"Type": "RestoreAsset",
				"StepNumber": 1,
				"Locator": { 
					"TypeIs": "Mesh",
					"NameIs": "PlayersPlaceCore"
					}				
			},
			{
				"Type": "RestoreAsset",
				"StepNumber": 2,
				"Locator": { 
					"TypeIs": "Mesh",
					"NameIs": "PlayersPlaceFrame"
					}
			}
		]
      }
    }
  ]
}