{
    "coverImageFilename": "Cover.png",
    "icon": "Cover.png",
    "components": [
        {
            "Type": "AssetsMod",
            "InstallAction": {
                "PreloadFiles": [
                    "sharedassets18.assets"
                ],
                "Actions": [
                    {
                        "Type": "ReplaceAsset",
                        "FromDataFile": "GrayscalePixelatedNoise.dat",
                        "Locator": {
                            "TypeIs": "Texture2D",
                            "NameIs": "GrayscalePixelatedNoise"
                        },
                        "AllowOverwriteName": false,
                        "StepNumber": 1
                    }
                ]
            },
            "UninstallAction": {
                "PreloadFiles": [
                    "sharedassets18.assets"
                ],
                "Actions": [
                    {
                        "Type": "RestoreAsset",
                        "Locator": {
                            "TypeIs": "Texture2D",
                            "NameIs": "GrayscalePixelatedNoise"
                        },
                        "StepNumber": 1
                    }
                ]
            }
        }
    ],
    "version": "1.0.0",
    "links": {},
    "description": [
        "changes the grayscale image from the saber to BAKUGATSU MADOUSHI"
    ],
    "gameVersion": "1.7.0",
    "platform": "Quest",
    "id": "GrayScaleMeguminV1",
    "name": "Gray Scale Megumin V1",
    "author": "RedBrumbler",
    "category": "Other"
}