{
    "coverImageFilename": "cover.png",
    "icon": "cover.png",
    "components": [
        {
            "type": "FileCopyMod",
            "sourceFileName": "Gruncle Stan Cane.qsaber",
            "targetRootedPathAndFileName": "/sdcard/Android/data/com.beatgames.beatsaber/files/sabers/testSaber.qsaber"
        }
    ],
    "version": "1.0.0",
    "links": {
        "pageLink": "https://github.com/RedBrumbler/BMBFCustomSabers/wiki/Commisions"
    },
    "description": [
        "Gravity falls' Gruncle stan's 8-ball Cane has made its way into beat saber!"
    ],
    "gameVersion": "1.13.0",
    "platform": "Quest",
    "id": "GruncleStanCaneRedBrumblerV1.0.0",
    "name": "Gruncle Stan Cane",
    "author": "RedBrumbler",
    "category": "Saber"
}