{
    "id": "DarkRepulser",
    "name": "Dark Repulser",
    "author": "Tachrayonic (Saber), Node (Port)",
    "description": [
        "Dark Reupulser sword from the anime Sword Art Online. A luminous version is also available."
    ],
    "gameVersion": "1.7.0",
    "version": "1.0.1",
    "platform": "Quest",
    "category": "Saber",
    "coverImageFilename": "Cover.png",
    "components": [
        {
            "Type": "AssetsMod",
            "InstallAction": {
                "PreloadFiles": [
                    "{{Saber}}"
                ],
                "Actions": [
                    {
                        "Type": "ReplaceAsset",
                        "StepNumber": 1,
                        "Locator": {
                            "TypeIs": "Mesh",
                            "NameIs": "SaberBlade"
                        },
                        "FromDataFile": "SaberBlade.dat"
                    },
                    {
                        "Type": "ReplaceAsset",
                        "StepNumber": 2,
                        "Locator": {
                            "TypeIs": "Mesh",
                            "NameIs": "SaberGlowingEdges"
                        },
                        "FromDataFile": "SaberGlowingEdges.dat"
                    },
                    {
                        "Type": "ReplaceAsset",
                        "StepNumber": 3,
                        "Locator": {
                            "TypeIs": "Mesh",
                            "NameIs": "SaberHandle"
                        },
                        "FromDataFile": "SaberHandle.dat"
                    }
                ]
            },
            "UninstallAction": {
                "PreloadFiles": [
                    "{{Saber}}"
                ],
                "Actions": [
                    {
                        "Type": "RestoreAsset",
                        "StepNumber": 1,
                        "Locator": {
                            "TypeIs": "Mesh",
                            "NameIs": "SaberBlade"
                        }
                    },
                    {
                        "Type": "RestoreAsset",
                        "StepNumber": 2,
                        "Locator": {
                            "TypeIs": "Mesh",
                            "NameIs": "SaberGlowingEdges"
                        }
                    },
                    {
                        "Type": "RestoreAsset",
                        "StepNumber": 3,
                        "Locator": {
                            "TypeIs": "Mesh",
                            "NameIs": "SaberHandle"
                        }
                    }
                ]
            }
        }
    ]
}