{
	"id": "NintendoMenu",
	"name": "NintendoMenu",
	"author": "Cynodinium",
	"description": ["Nintendo Saber? Ummm..."],
	"gameVersion": "1.1.0",
	"version": "0.0.1",
	"platform": "Quest",
	"category": "Other",
	"coverImageFilename": "cover.jpg",
	"components": [
		{
			"Type": "AssetsMod",
			"InstallAction": {
				"PreloadFiles": ["sharedassets2.assets"],
				"Actions": [
					{
						"Type": "ReplaceAsset",
						"StepNumber": 1,
						"Locator": { 
							"PathIs": {
								"AssetFilename": "sharedassets2.assets",
								"PathID": 33
							}
						},
						"FromDataFile": "click.dat"
					},
					{
						"Type": "ReplaceAsset",
						"StepNumber": 2,
						"Locator": { 
							"PathIs": {
								"AssetFilename": "sharedassets2.assets",
								"PathID": 35
							}
						},
						"FromDataFile": "music.dat"
					}
				]
			},
			"UninstallAction": {
				"PreloadFiles": ["sharedassets2.assets"],
				"Actions": [
					{
						"Type": "RestoreAsset",
						"StepNumber": 1,
						"Locator": { 
							"PathIs": {
								"AssetFilename": "sharedassets2.assets",
								"PathID": 33
							}
						}			
					},
					{
						"Type": "RestoreAsset",
						"StepNumber": 2,
						"Locator": { 
							"PathIs": {
								"AssetFilename": "sharedassets2.assets",
								"PathID": 35
							}
						}			
					}
				]
			}
		}
	]
}