{
    "coverImageFilename": "cover.png",
    "icon": "cover.png",
    "components": [
        {
            "type": "FileCopyMod",
            "sourceFileName": "Super Mario.qbloq",
            "targetRootedPathAndFileName": "/sdcard/Qosmetics/notes/testBloq.qbloq"
        }
    ],
    "version": "1.0.0",
    "links": {
        "pageLink": ""
    },
    "description": [
        "Super Mario Jumps into beat saber to slice blocks and avoid bob-ombs!"
    ],
    "gameVersion": "1.11.1",
    "platform": "Quest",
    "id": "SuperMarioRedBrumblerV1.0.0",
    "name": "Super Mario",
    "author": "RedBrumbler",
    "category": "Bloq"
}