{
	"id": "CustomSabers",
	"name": "Custom Sabers",
	"author": "Kyle 1413",
	"description": [
		"Loads Custom Sabers in Beat Saber"
	],
	"category": "Other",
	"gameVersion": "1.8.0",
	"version": "0.0.1",
	"links": {
		"project-home": "https://github.com/Kylemc1413/QuestMods"
	},
	"platform": "Quest",
	"components": [{
			"Type": "HookMod",
			"InstallAction": {
				"InstallLibraryFile": "libcustomsabers.so"
			},
			"UninstallAction": {
				"RemoveLibraryFile": "libcustomsabers.so"
			}
		}
	]
}