{
    "coverImageFilename": "cover.png",
    "icon": "cover.png",
    "components": [
        {
            "type": "FileCopyMod",
            "sourceFileName": "Plasma Katana.qsaber",
            "targetRootedPathAndFileName": "/sdcard/Qosmetics/sabers/testSaber.qsaber"
        }
    ],
    "version": "1.0.0",
    "links": {
        "pageLink": ""
    },
    "description": [
        "Plasma Katana, Finally on quest!"
    ],
    "gameVersion": "1.13.0",
    "platform": "Quest",
    "id": "PlasmaKatanaIkeiwaV1.0.0",
    "name": "Plasma Katana",
    "author": "Ikeiwa",
    "category": "Saber"
}