{
    "coverImageFilename": "Cover.png",
    "icon": "Cover.png",
    "components": [
        {
            "Type": "AssetsMod",
            "InstallAction": {
                "PreloadFiles": [
                    "{{Note}}"
                ],
                "Actions": [
                    {
                        "Type": "ReplaceAsset",
                        "FromDataFile": "CubeNoteSmoothHD.dat",
                        "Locator": {
                            "TypeIs": "Mesh",
                            "NameIs": "CubeNoteSmoothHD"
                        },
                        "AllowOverwriteName": false,
                        "StepNumber": 1
                    },
                    {
                        "Type": "ReplaceAsset",
                        "FromDataFile": "HitShortLeft4.dat",
                        "Locator": {
                            "TypeIs": "AudioClip",
                            "NameIs": "HitShortLeft4"
                        },
                        "AllowOverwriteName": false,
                        "StepNumber": 2
                    },
                    {
                        "Type": "ReplaceAsset",
                        "FromDataFile": "HitLongRight1.dat",
                        "Locator": {
                            "TypeIs": "AudioClip",
                            "NameIs": "HitLongRight1"
                        },
                        "AllowOverwriteName": false,
                        "StepNumber": 3
                    },
                    {
                        "Type": "ReplaceAsset",
                        "FromDataFile": "HitShortRight1.dat",
                        "Locator": {
                            "TypeIs": "AudioClip",
                            "NameIs": "HitShortRight1"
                        },
                        "AllowOverwriteName": false,
                        "StepNumber": 4
                    },
                    {
                        "Type": "ReplaceAsset",
                        "FromDataFile": "HitLongLeft3.dat",
                        "Locator": {
                            "TypeIs": "AudioClip",
                            "NameIs": "HitLongLeft3"
                        },
                        "AllowOverwriteName": false,
                        "StepNumber": 5
                    },
                    {
                        "Type": "ReplaceAsset",
                        "FromDataFile": "HitShortLeft1.dat",
                        "Locator": {
                            "TypeIs": "AudioClip",
                            "NameIs": "HitShortLeft1"
                        },
                        "AllowOverwriteName": false,
                        "StepNumber": 6
                    },
                    {
                        "Type": "ReplaceAsset",
                        "FromDataFile": "HitLongRight5.dat",
                        "Locator": {
                            "TypeIs": "AudioClip",
                            "NameIs": "HitLongRight5"
                        },
                        "AllowOverwriteName": false,
                        "StepNumber": 7
                    },
                    {
                        "Type": "ReplaceAsset",
                        "FromDataFile": "HitLongRight3.dat",
                        "Locator": {
                            "TypeIs": "AudioClip",
                            "NameIs": "HitLongRight3"
                        },
                        "AllowOverwriteName": false,
                        "StepNumber": 8
                    },
                    {
                        "Type": "ReplaceAsset",
                        "FromDataFile": "HitLongLeft2.dat",
                        "Locator": {
                            "TypeIs": "AudioClip",
                            "NameIs": "HitLongLeft2"
                        },
                        "AllowOverwriteName": false,
                        "StepNumber": 9
                    },
                    {
                        "Type": "ReplaceAsset",
                        "FromDataFile": "HitShortRight3.dat",
                        "Locator": {
                            "TypeIs": "AudioClip",
                            "NameIs": "HitShortRight3"
                        },
                        "AllowOverwriteName": false,
                        "StepNumber": 10
                    },
                    {
                        "Type": "ReplaceAsset",
                        "FromDataFile": "HitLongLeft1.dat",
                        "Locator": {
                            "TypeIs": "AudioClip",
                            "NameIs": "HitLongLeft1"
                        },
                        "AllowOverwriteName": false,
                        "StepNumber": 11
                    },
                    {
                        "Type": "ReplaceAsset",
                        "FromDataFile": "HitLongRight4.dat",
                        "Locator": {
                            "TypeIs": "AudioClip",
                            "NameIs": "HitLongRight4"
                        },
                        "AllowOverwriteName": false,
                        "StepNumber": 12
                    },
                    {
                        "Type": "ReplaceAsset",
                        "FromDataFile": "HitLongLeft5.dat",
                        "Locator": {
                            "TypeIs": "AudioClip",
                            "NameIs": "HitLongLeft5"
                        },
                        "AllowOverwriteName": false,
                        "StepNumber": 13
                    },
                    {
                        "Type": "ReplaceAsset",
                        "FromDataFile": "HitShortLeft5.dat",
                        "Locator": {
                            "TypeIs": "AudioClip",
                            "NameIs": "HitShortLeft5"
                        },
                        "AllowOverwriteName": false,
                        "StepNumber": 14
                    },
                    {
                        "Type": "ReplaceAsset",
                        "FromDataFile": "HitShortRight5.dat",
                        "Locator": {
                            "TypeIs": "AudioClip",
                            "NameIs": "HitShortRight5"
                        },
                        "AllowOverwriteName": false,
                        "StepNumber": 15
                    },
                    {
                        "Type": "ReplaceAsset",
                        "FromDataFile": "HitLongRight2.dat",
                        "Locator": {
                            "TypeIs": "AudioClip",
                            "NameIs": "HitLongRight2"
                        },
                        "AllowOverwriteName": false,
                        "StepNumber": 16
                    },
                    {
                        "Type": "ReplaceAsset",
                        "FromDataFile": "HitLongLeft4.dat",
                        "Locator": {
                            "TypeIs": "AudioClip",
                            "NameIs": "HitLongLeft4"
                        },
                        "AllowOverwriteName": false,
                        "StepNumber": 17
                    },
                    {
                        "Type": "ReplaceAsset",
                        "FromDataFile": "HitShortRight2.dat",
                        "Locator": {
                            "TypeIs": "AudioClip",
                            "NameIs": "HitShortRight2"
                        },
                        "AllowOverwriteName": false,
                        "StepNumber": 18
                    },
                    {
                        "Type": "ReplaceAsset",
                        "FromDataFile": "HitShortLeft2.dat",
                        "Locator": {
                            "TypeIs": "AudioClip",
                            "NameIs": "HitShortLeft2"
                        },
                        "AllowOverwriteName": false,
                        "StepNumber": 19
                    },
                    {
                        "Type": "ReplaceAsset",
                        "FromDataFile": "HitShortLeft3.dat",
                        "Locator": {
                            "TypeIs": "AudioClip",
                            "NameIs": "HitShortLeft3"
                        },
                        "AllowOverwriteName": false,
                        "StepNumber": 20
                    },
                    {
                        "Type": "ReplaceAsset",
                        "FromDataFile": "HitShortRight4.dat",
                        "Locator": {
                            "TypeIs": "AudioClip",
                            "NameIs": "HitShortRight4"
                        },
                        "AllowOverwriteName": false,
                        "StepNumber": 21
                    }
                ]
            },
            "UninstallAction": {
                "PreloadFiles": [
                    "{{Note}}"
                ],
                "Actions": [
                    {
                        "Type": "RestoreAsset",
                        "Locator": {
                            "TypeIs": "Mesh",
                            "NameIs": "CubeNoteSmoothHD"
                        },
                        "StepNumber": 1
                    },
                    {
                        "Type": "RestoreAsset",
                        "Locator": {
                            "TypeIs": "AudioClip",
                            "NameIs": "HitShortLeft1"
                        },
                        "StepNumber": 2
                    },
                    {
                        "Type": "RestoreAsset",
                        "Locator": {
                            "TypeIs": "AudioClip",
                            "NameIs": "HitShortLeft2"
                        },
                        "StepNumber": 3
                    },
                    {
                        "Type": "RestoreAsset",
                        "Locator": {
                            "TypeIs": "AudioClip",
                            "NameIs": "HitShortLeft3"
                        },
                        "StepNumber": 4
                    },
                    {
                        "Type": "RestoreAsset",
                        "Locator": {
                            "TypeIs": "AudioClip",
                            "NameIs": "HitShortLeft4"
                        },
                        "StepNumber": 5
                    },
                    {
                        "Type": "RestoreAsset",
                        "Locator": {
                            "TypeIs": "AudioClip",
                            "NameIs": "HitShortLeft5"
                        },
                        "StepNumber": 6
                    },
                    {
                        "Type": "RestoreAsset",
                        "Locator": {
                            "TypeIs": "AudioClip",
                            "NameIs": "HitShortRight1"
                        },
                        "StepNumber": 7
                    },
                    {
                        "Type": "RestoreAsset",
                        "Locator": {
                            "TypeIs": "AudioClip",
                            "NameIs": "HitShortRight2"
                        },
                        "StepNumber": 8
                    },
                    {
                        "Type": "RestoreAsset",
                        "Locator": {
                            "TypeIs": "AudioClip",
                            "NameIs": "HitShortRight3"
                        },
                        "StepNumber": 9
                    },
                    {
                        "Type": "RestoreAsset",
                        "Locator": {
                            "TypeIs": "AudioClip",
                            "NameIs": "HitShortRight4"
                        },
                        "StepNumber": 10
                    },
                    {
                        "Type": "RestoreAsset",
                        "Locator": {
                            "TypeIs": "AudioClip",
                            "NameIs": "HitShortRight5"
                        },
                        "StepNumber": 11
                    },
                    {
                        "Type": "RestoreAsset",
                        "Locator": {
                            "TypeIs": "AudioClip",
                            "NameIs": "HitLongLeft1"
                        },
                        "StepNumber": 12
                    },
                    {
                        "Type": "RestoreAsset",
                        "Locator": {
                            "TypeIs": "AudioClip",
                            "NameIs": "HitLongLeft2"
                        },
                        "StepNumber": 13
                    },
                    {
                        "Type": "RestoreAsset",
                        "Locator": {
                            "TypeIs": "AudioClip",
                            "NameIs": "HitLongLeft3"
                        },
                        "StepNumber": 14
                    },
                    {
                        "Type": "RestoreAsset",
                        "Locator": {
                            "TypeIs": "AudioClip",
                            "NameIs": "HitLongLeft4"
                        },
                        "StepNumber": 15
                    },
                    {
                        "Type": "RestoreAsset",
                        "Locator": {
                            "TypeIs": "AudioClip",
                            "NameIs": "HitLongLeft5"
                        },
                        "StepNumber": 16
                    },
                    {
                        "Type": "RestoreAsset",
                        "Locator": {
                            "TypeIs": "AudioClip",
                            "NameIs": "HitLongRight1"
                        },
                        "StepNumber": 17
                    },
                    {
                        "Type": "RestoreAsset",
                        "Locator": {
                            "TypeIs": "AudioClip",
                            "NameIs": "HitLongRight2"
                        },
                        "StepNumber": 18
                    },
                    {
                        "Type": "RestoreAsset",
                        "Locator": {
                            "TypeIs": "AudioClip",
                            "NameIs": "HitLongRight3"
                        },
                        "StepNumber": 19
                    },
                    {
                        "Type": "RestoreAsset",
                        "Locator": {
                            "TypeIs": "AudioClip",
                            "NameIs": "HitLongRight4"
                        },
                        "StepNumber": 20
                    },
                    {
                        "Type": "RestoreAsset",
                        "Locator": {
                            "TypeIs": "AudioClip",
                            "NameIs": "HitLongRight5"
                        },
                        "StepNumber": 21
                    }
                ]
            }
        }
    ],
    "version": "1.0.0",
    "links": {},
    "description": [
        "Destroy the Economy, now with Coin sounds"
    ],
    "gameVersion": "1.7.0",
    "platform": "Quest",
    "id": "MarioCoinNotesV1",
    "name": "Mario Coin Notes",
    "author": "RedBrumbler, Idea by Yuuki from BSMG",
    "category": "Other"
}