﻿{
    "id": "BatonBladePortV1",
    "name": "Baton Blade - Port V1",
    "author": "FrostDragon ported by Yuuki",
    "description": [
        "Saber based on the popular PC Beat Saber saber (that's a lot of sabers) - Baton Blade made by FrostDragon!"
    ],
    "gameVersion": "1.7.0",
    "version": "0.1.0",
    "platform": "Quest",
    "category": "Saber",
    "coverImageFilename": "Cover.jpg",
    "components": [
        {
            "Type": "AssetsMod",
            "InstallAction": {
                "PreloadFiles": [
                    "{{Saber}}"
                ],
                "Actions": [
                    {
                        "Type": "ReplaceAsset",
                        "StepNumber": 1,
                        "Locator": {
                            "TypeIs": "Mesh",
                            "NameIs": "SaberBlade"
                        },
                        "FromDataFile": "SaberBlade.dat"
                    },
                    {
                        "Type": "ReplaceAsset",
                        "StepNumber": 1,
                        "Locator": {
                            "TypeIs": "Mesh",
                            "NameIs": "SaberGlowingEdges"
                        },
                        "FromDataFile": "SaberGlowingEdges.dat"
                    },
                    {
                        "Type": "ReplaceAsset",
                        "StepNumber": 1,
                        "Locator": {
                            "TypeIs": "Mesh",
                            "NameIs": "SaberHandle"
                        },
                        "FromDataFile": "SaberHandle.dat"
                    }
                ]
            },
            "UninstallAction": {
                "PreloadFiles": [
                    "{{Saber}}"
                ],
                "Actions": [
                    {
                        "Type": "RestoreAsset",
                        "StepNumber": 1,
                        "Locator": {
                            "TypeIs": "Mesh",
                            "NameIs": "SaberBlade"
                        }
                    },
                    {
                        "Type": "RestoreAsset",
                        "StepNumber": 2,
                        "Locator": {
                            "TypeIs": "Mesh",
                            "NameIs": "SaberGlowingEdges"
                        }
                    },
                    {
                        "Type": "RestoreAsset",
                        "StepNumber": 3,
                        "Locator": {
                            "TypeIs": "Mesh",
                            "NameIs": "SaberHandle"
                        }
                    }
                ]
            }
        }
    ]
}