{
    "coverImageFilename": "cover.png",
    "icon": "cover.png",
    "components": [
        {
            "type": "FileCopyMod",
            "sourceFileName": "Finn 4D Sword.qsaber",
            "targetRootedPathAndFileName": "/sdcard/Android/data/com.beatgames.beatsaber/files/sabers/testSaber.qsaber"
        }
    ],
    "version": "1.0.0",
    "links": {
        "pageLink": "https://github.com/RedBrumbler/BMBFCustomSabers/wiki/Commisions"
    },
    "description": [
        "Time for adventure! Finn's 4D sword from Cartoon Network's Adventure Time!"
    ],
    "gameVersion": "1.10.0",
    "platform": "Quest",
    "id": "Finn4DSwordRedBrumblerV1.0.0",
    "name": "Finn 4D Sword",
    "author": "RedBrumbler",
    "category": "Saber"
}