{
    "coverImageFilename": "cover.png",
    "icon": "cover.png",
    "components": [
        {
            "type": "FileCopyMod",
            "sourceFileName": "Connie's sword.qsaber",
            "targetRootedPathAndFileName": "/sdcard/Android/data/com.beatgames.beatsaber/files/sabers/testSaber.qsaber"
        }
    ],
    "version": "1.0.0",
    "links": {
        "pageLink": "https://github.com/RedBrumbler/BMBFCustomSabers/wiki/Commisions"
    },
    "description": [
        "Connie's sword Bismuth made for her from the Cartoon Network Show 'Steven Universe'"
    ],
    "gameVersion": "1.11.1",
    "platform": "Quest",
    "id": "ConniesswordRedBrumblerV1.0.0",
    "name": "Connie's sword",
    "author": "RedBrumbler",
    "category": "Saber"
}