{
    "coverImageFilename": "cover.png",
    "icon": "cover.png",
    "components": [
        {
            "type": "FileCopyMod",
            "sourceFileName": "PogUSaber.qsaber",
            "targetRootedPathAndFileName": "/sdcard/Android/data/com.beatgames.beatsaber/files/sabers/testSaber.qsaber"
        }
    ],
    "version": "1.0.0",
    "links": {
        "pageLink": "pagelink"
    },
    "description": [
        "You just got these sabers so pog you."
    ],
    "gameVersion": "1.11.1",
    "platform": "Quest",
    "id": "PogUSaberBrinchV1.0.0",
    "name": "PogUSaber",
    "author": "Brinch",
    "category": "Saber"
}