{
  "coverImageFilename": "Cover.png",
  "icon": "Cover.png",
  "components": [
    {
      "Type": "AssetsMod",
      "InstallAction": {
        "PreloadFiles": [
          "sharedassets16.assets"
        ],
        "Actions": [
          {
            "Type": "ReplaceAsset",
            "FromDataFile": "WallMeshRenderer.dat",
            "Locator": {
              "PathIs": {
                "AssetFilename": "sharedassets16.assets",
                "PathID": 166
              }
            },
            "AllowOverwriteName": false,
            "StepNumber": 1
          },
		  {
            "Type": "ReplaceAsset",
            "FromDataFile": "WallInsideMeshRenderer.dat",
            "Locator": {
              "PathIs": {
                "AssetFilename": "sharedassets16.assets",
                "PathID": 176
              }
            },
            "AllowOverwriteName": false,
            "StepNumber": 2
          }
        ]
      },
      "UninstallAction": {
        "PreloadFiles": [
          "sharedassets16.assets"
        ],
        "Actions": [
          {
            "Type": "RestoreAsset",
            "Locator": {
              "PathIs": {
                "AssetFilename": "sharedassets16.assets",
                "PathID": 166
              }
            },
            "StepNumber": 1
          },
		  {
            "Type": "RestoreAsset",
            "Locator": {
              "PathIs": {
                "AssetFilename": "sharedassets16.assets",
                "PathID": 176
              }
            },
            "StepNumber": 2
          }
        ]
      }
    }
  ],
  "version": "1.0.0",
  "links": {},
  "description": [
    "...Reveal to me that which is hidden, unveil to me what is forbidden"
  ],
  "gameVersion": "1.5.0",
  "platform": "Quest",
  "id": "TransparentWallsV1",
  "name": "Transparent Walls V1",
  "author": "RedBrumbler",
  "category": "Other"
}