{
  "id": "GNOME",
  "name": "You've Been Gnomed!",
  "author": "Node",
  "description": ["IM A GNOME!!! Custom Gnome trail, menu sounds and bad cut sounds!"],
  "gameVersion": "1.4.1",
  "version": "1.0.6",
  "platform": "Quest",
  "category": "Other",
  "coverImageFilename": "Cover.png",
  "components": [
    {
      "Type": "AssetsMod",
      "InstallAction": {
        "PreloadFiles": ["sharedassets2.assets", "sharedassets12.assets", "sharedassets14.assets"],
		"Actions": [
			{
				"Type": "ReplaceAsset",
				"StepNumber": 1,
				"Locator": { 
					"PathIs": {
						"AssetFilename": "sharedassets12.assets",
						"PathID": 9
						}
					},
				"FromDataFile": "trail.dat"
			},
			{
				"Type": "ReplaceAsset",
				"StepNumber": 2,
				"Locator": { 
					"PathIs": {
						"AssetFilename": "sharedassets2.assets",
						"PathID": 35
						}
					},
				"FromDataFile": "menu.dat"
			},
			{
				"Type": "ReplaceAsset",
				"StepNumber": 3,
				"Locator": { 
					"PathIs": {
						"AssetFilename": "sharedassets2.assets",
						"PathID": 33
						}
					},
				"FromDataFile": "menu_click.dat"
			},
			{
				"Type": "ReplaceAsset",
				"StepNumber": 4,
				"Locator": { 
					"PathIs": {
						"AssetFilename": "sharedassets14.assets",
						"PathID": 65
						}
					},
				"FromDataFile": "bad_cut0-65.dat"
			},
			{
				"Type": "ReplaceAsset",
				"StepNumber": 5,
				"Locator": { 
					"PathIs": {
						"AssetFilename": "sharedassets14.assets",
						"PathID": 80
						}
					},
				"FromDataFile": "bad_cut1-80.dat"
			},
			{
				"Type": "ReplaceAsset",
				"StepNumber": 6,
				"Locator": { 
					"PathIs": {
						"AssetFilename": "sharedassets14.assets",
						"PathID": 75
						}
					},
				"FromDataFile": "bad_cut2-75.dat"
			},
			{
				"Type": "ReplaceAsset",
				"StepNumber": 7,
				"Locator": { 
					"PathIs": {
						"AssetFilename": "sharedassets14.assets",
						"PathID": 62
						}
					},
				"FromDataFile": "bad_cut3-62.dat"
			}
		]
      },
	  "UninstallAction": {
        "PreloadFiles": ["sharedassets2.assets", "sharedassets12.assets", "sharedassets14.assets"],
		"Actions": [
			{
				"Type": "RestoreAsset",
				"StepNumber": 1,
				"Locator": { 
					"PathIs": {
						"AssetFilename": "sharedassets12.assets",
						"PathID": 9
						}
				}			
			},
			{
				"Type": "RestoreAsset",
				"StepNumber": 2,
				"Locator": { 
					"PathIs": {
						"AssetFilename": "sharedassets2.assets",
						"PathID": 35
						}
				}			
			},
			{
				"Type": "RestoreAsset",
				"StepNumber": 3,
				"Locator": { 
					"PathIs": {
						"AssetFilename": "sharedassets2.assets",
						"PathID": 33
						}
				}			
			},
			{
				"Type": "RestoreAsset",
				"StepNumber": 4,
				"Locator": { 
					"PathIs": {
						"AssetFilename": "sharedassets14.assets",
						"PathID": 65
						}
					}
			},
			{
				"Type": "RestoreAsset",
				"StepNumber": 5,
				"Locator": { 
					"PathIs": {
						"AssetFilename": "sharedassets14.assets",
						"PathID": 80
						}
					}
			},
			{
				"Type": "RestoreAsset",
				"StepNumber": 6,
				"Locator": { 
					"PathIs": {
						"AssetFilename": "sharedassets14.assets",
						"PathID": 75
						}
					}
			},
			{
				"Type": "RestoreAsset",
				"StepNumber": 7,
				"Locator": { 
					"PathIs": {
						"AssetFilename": "sharedassets14.assets",
						"PathID": 62
						}
					}
			}
		]
      }
    }
  ]
}