{
  "coverImageFilename": "Cover.png",
  "icon": "Cover.png",
  "components": [
    {
      "Type": "AssetsMod",
      "InstallAction": {
        "PreloadFiles": [
          "sharedassets18.assets"
        ],
        "Actions": [
          {
            "Type": "ReplaceAsset",
            "FromDataFile": "SaberBlade.dat",
            "Locator": {
              "TypeIs": "Mesh",
              "NameIs": "SaberBlade"
            },
            "AllowOverwriteName": false,
            "StepNumber": 1
          },
          {
            "Type": "ReplaceAsset",
            "FromDataFile": "SaberGlowingEdges.dat",
            "Locator": {
              "TypeIs": "Mesh",
              "NameIs": "SaberGlowingEdges"
            },
            "AllowOverwriteName": false,
            "StepNumber": 2
          },
          {
            "Type": "ReplaceAsset",
            "FromDataFile": "SaberHandle.dat",
            "Locator": {
              "TypeIs": "Mesh",
              "NameIs": "SaberHandle"
            },
            "AllowOverwriteName": false,
            "StepNumber": 3
          },
		  {
            "Type": "ReplaceAsset",
            "FromDataFile": "FullTrail.dat",
            "Locator": {
              "TypeIs": "Texture2D",
              "NameIs": "FullTrail"
            },
            "AllowOverwriteName": false,
            "StepNumber": 4
          }
        ]
      },
      "UninstallAction": {
        "PreloadFiles": [
          "sharedassets18.assets"
        ],
        "Actions": [
          {
            "Type": "RestoreAsset",
            "Locator": {
              "TypeIs": "Mesh",
              "NameIs": "SaberBlade"
            },
            "StepNumber": 1
          },
          {
            "Type": "RestoreAsset",
            "Locator": {
              "TypeIs": "Mesh",
              "NameIs": "SaberGlowingEdges"
            },
            "StepNumber": 2
          },
          {
            "Type": "RestoreAsset",
            "Locator": {
              "TypeIs": "Mesh",
              "NameIs": "SaberHandle"
            },
            "StepNumber": 3
          },
		  {
            "Type": "RestoreAsset",
            "Locator": {
              "TypeIs": "Texture2D",
              "NameIs": "FullTrail"
            },
            "StepNumber": 4
          }
        ]
      }
    }
  ],
  "version": "1.0.0",
  "links": {},
  "description": [
    "Rose Quartz' Saber, given unto Connie until inevitably breaking in battle"
  ],
  "gameVersion": "1.6.0",
  "platform": "Quest",
  "id": "RoseQuartzSaberV1",
  "name": "Rose Quartz' Saber V1",
  "author": "RedBrumbler, patreon reward for Natalie Lake",
  "category": "Saber"
}