{
    "coverImageFilename": "cover.png",
    "icon": "cover.png",
    "components": [
        {
            "type": "FileCopyMod",
            "sourceFileName": "WiiSaber2.qsaber",
            "targetRootedPathAndFileName": "/sdcard/Android/data/com.beatgames.beatsaber/files/sabers/testSaber.qsaber"
        }
    ],
    "version": "1.0.0",
    "links": {
        "pageLink": "pagelink"
    },
    "description": [
        "Now as a qsaber!"
    ],
    "gameVersion": "1.10.0",
    "platform": "Quest",
    "id": "WiiSaber2BrinchV1.0.0",
    "name": "WiiSaber2",
    "author": "Brinch",
    "category": "Saber"
}