{
  "gameVersion": "1.7.0",
  "author": "Brinch",
	"links": {},
  "name": "PewDiePie-red Fog",
   "description": ["Makes the fog in the menu PewDiePie-red."],
		"id": "PewDiePieRedFog",
			"version": "0.0.1",
  "components": [
    {
      "Type": "AssetsMod",
      "InstallAction": {
        "PreloadFiles": [
          "level2","level23","level28"
        ],
        "Actions": [
          {
            "Type": "ReplaceAsset",
            "FromDataFile": "RenderFog.dat",
            "Locator": {
			"PathIs": {
              "AssetfileName": "level2",
              "PathID": 385
			  }
            },
            "AllowOverwriteName": false,
            "StepNumber": 1
          },
          {
            "Type": "ReplaceAsset",
            "FromDataFile": "RenderFog.dat",
            "Locator": {
			"PathIs": {
              "AssetfileName": "level23",
              "PathID": 575
			  }
            },
            "AllowOverwriteName": false,
            "StepNumber": 2
          },
          {
            "Type": "ReplaceAsset",
            "FromDataFile": "RenderFog.dat",
            "Locator": {
			"PathIs": {
              "AssetfileName": "level28",
              "PathID": 2628
			  }
            },
            "AllowOverwriteName": false,
            "StepNumber": 3
          }        
        ]
      },
      "UninstallAction": {
        "PreloadFiles": [
          "level2","level23","level28"
        ],
        "Actions": [
          {
            "Type": "RestoreAsset",
            "Locator": {
			"PathIs": {
              "AssetfileName": "level2",
              "PathID": 385
			  }
            },
            "StepNumber": 1
          },
          {
            "Type": "RestoreAsset",
            "Locator": {
			"PathIs": {
              "AssetfileName": "level23",
              "PathID": 575
			  }
            },
            "StepNumber": 2
          },
          {
            "Type": "RestoreAsset",
            "Locator": {
			"PathIs": {
              "AssetfileName": "level28",
              "PathID": 2628
			  }
            },
            "StepNumber": 3
          } 
        ]
      }
    }
  ],
  "icon": "Cover.jpg",
  "coverImageFilename": "Cover.jpg",
  "category": "Other",
  "platform": "Quest"
}