{
  "coverImageFilename": "Cover.jpg",
  "icon": "Cover.jpg",
  "components": [
    {
      "Type": "AssetsMod",
      "InstallAction": {
        "PreloadFiles": [
		  "{{MenuSound}}"
        ],
        "Actions": [
          {
            "Type": "ReplaceAsset",
            "FromDataFile": "MenuClick.dat",
            "Locator": {
              "TypeIs": "AudioClip",
              "NameIs": "MenuClick0"
            },
            "AllowOverwriteName": false,
            "StepNumber": 1
          }
        ]
      },
      "UninstallAction": {
        "PreloadFiles": [
		  "{{MenuSound}}"
        ],
        "Actions": [
          {
            "Type": "RestoreAsset",
            "Locator": {
              "TypeIs": "AudioClip",
              "NameIs": "MenuClick0"
            },
            "StepNumber": 1
          }
        ]
      }
    }
  ],
  "version": "1.0.0",
  "links": {},
  "description": [
    " "
  ],
  "gameVersion": "1.9.0",
  "platform": "Quest",
  "id": "ToyClick",
  "name": "Squeaky Toy Menu Click",
  "author": "Brinch",
  "category": "Other"
}