{
    "coverImageFilename": "Cover.png",
    "icon": "Cover.png",
    "components": [
        {
            "Type": "AssetsMod",
            "InstallAction": {
                "PreloadFiles": [
                    "sharedassets14.assets",
                    "sharedassets1.assets"
                ],
                "Actions": [
                    {
                        "Type": "ReplaceAsset",
                        "FromDataFile": "SaberBlade.dat",
                        "Locator": {
                            "TypeIs": "Mesh",
                            "NameIs": "SaberBlade"
                        },
                        "AllowOverwriteName": false,
                        "StepNumber": 1
                    },
                    {
                        "Type": "ReplaceAsset",
                        "FromDataFile": "SaberGlowingEdges.dat",
                        "Locator": {
                            "TypeIs": "Mesh",
                            "NameIs": "SaberGlowingEdges"
                        },
                        "AllowOverwriteName": false,
                        "StepNumber": 2
                    },
                    {
                        "Type": "ReplaceAsset",
                        "FromDataFile": "SaberHandle.dat",
                        "Locator": {
                            "TypeIs": "Mesh",
                            "NameIs": "SaberHandle"
                        },
                        "AllowOverwriteName": false,
                        "StepNumber": 3
                    },
                    {
                        "Type": "ReplaceAsset",
                        "FromDataFile": "FullTrail.dat",
                        "Locator": {
                            "TypeIs": "Texture2D",
                            "NameIs": "FullTrail"
                        },
                        "AllowOverwriteName": false,
                        "StepNumber": 4
                    },
                    {
                        "Type": "ReplaceAsset",
                        "FromDataFile": "FakeGlow0.dat",
                        "Locator": {
                            "PathIs": {
                                "AssetFilename": "sharedassets14.assets",
                                "PathID": 28
                            }
                        },
                        "AllowOverwriteName": false,
                        "StepNumber": 5
                    },
                    {
                        "Type": "ReplaceAsset",
                        "FromDataFile": "FakeGlow1.dat",
                        "Locator": {
                            "PathIs": {
                                "AssetFilename": "sharedassets14.assets",
                                "PathID": 29
                            }
                        },
                        "AllowOverwriteName": false,
                        "StepNumber": 6
                    },
                    {
                        "Type": "ReplaceAsset",
                        "FromDataFile": "Normal.dat",
                        "Locator": {
                            "TypeIs": "Mesh",
                            "NameIs": "Normal"
                        },
                        "AllowOverwriteName": false,
                        "StepNumber": 7
                    },
                    {
                        "Type": "ReplaceAsset",
                        "FromDataFile": "Glowing.dat",
                        "Locator": {
                            "TypeIs": "Mesh",
                            "NameIs": "Glowing"
                        },
                        "AllowOverwriteName": false,
                        "StepNumber": 8
                    }
                ]
            },
            "UninstallAction": {
                "PreloadFiles": [
                    "sharedassets14.assets",
                    "sharedassets1.assets"
                ],
                "Actions": [
                    {
                        "Type": "RestoreAsset",
                        "Locator": {
                            "TypeIs": "Mesh",
                            "NameIs": "SaberBlade"
                        },
                        "StepNumber": 1
                    },
                    {
                        "Type": "RestoreAsset",
                        "Locator": {
                            "TypeIs": "Mesh",
                            "NameIs": "SaberGlowingEdges"
                        },
                        "StepNumber": 2
                    },
                    {
                        "Type": "RestoreAsset",
                        "Locator": {
                            "TypeIs": "Mesh",
                            "NameIs": "SaberHandle"
                        },
                        "StepNumber": 3
                    },
                    {
                        "Type": "RestoreAsset",
                        "Locator": {
                            "TypeIs": "Texture2D",
                            "NameIs": "FullTrail"
                        },
                        "StepNumber": 4
                    },
                    {
                        "Type": "RestoreAsset",
                        "Locator": {
                            "PathIs": {
                                "AssetFilename": "sharedassets14.assets",
                                "PathID": 28
                            }
                        },
                        "StepNumber": 5
                    },
                    {
                        "Type": "RestoreAsset",
                        "Locator": {
                            "PathIs": {
                                "AssetFilename": "sharedassets14.assets",
                                "PathID": 29
                            }
                        },
                        "StepNumber": 6
                    },
                    {
                        "Type": "RestoreAsset",
                        "Locator": {
                            "TypeIs": "Mesh",
                            "NameIs": "Normal"
                        },
                        "StepNumber": 7
                    },
                    {
                        "Type": "RestoreAsset",
                        "Locator": {
                            "TypeIs": "Mesh",
                            "NameIs": "Glowing"
                        },
                        "StepNumber": 8
                    }
                ]
            }
        }
    ],
    "version": "2.0.0",
    "links": {},
    "description": [
        "MAKE IT SMALLER ~everyone and their mother"
    ],
    "gameVersion": "1.7.0",
    "platform": "Quest",
    "id": "MinimalistSaberV2",
    "name": "Minimalist Saber V2",
    "author": "RedBrumbler",
    "category": "Saber"
}