{
    "coverImageFilename": "Cover.png",
    "icon": "Cover.png",
    "components": [
        {
            "Type": "AssetsMod",
            "InstallAction": {
                "PreloadFiles": [
                    "{{Note}}"
                ],
                "Actions": [
                    {
                        "Type": "ReplaceAsset",
                        "FromDataFile": "WallMeshRenderer.dat",
                        "Locator": {
                            "PathIs": {
                                "fileType": "Note",
                                "PathID": 297
                            }
                        },
                        "AllowOverwriteName": false,
                        "StepNumber": 1
                    },
                    {
                        "Type": "ReplaceAsset",
                        "FromDataFile": "WallInsideMeshRenderer.dat",
                        "Locator": {
                            "PathIs": {
                                "fileType": "Note",
                                "PathID": 307
                            }
                        },
                        "AllowOverwriteName": false,
                        "StepNumber": 2
                    }
                ]
            },
            "UninstallAction": {
                "PreloadFiles": [
                    "{{Note}}"
                ],
                "Actions": [
                    {
                        "Type": "RestoreAsset",
                        "Locator": {
                            "PathIs": {
                                "fileType": "Note",
                                "PathID": 297
                            }
                        },
                        "StepNumber": 1
                    },
                    {
                        "Type": "RestoreAsset",
                        "Locator": {
                            "PathIs": {
                                "fileType": "Note",
                                "PathID": 307
                            }
                        },
                        "StepNumber": 2
                    }
                ]
            }
        }
    ],
    "version": "1.0.0",
    "links": {},
    "description": [
        "...Reveal to me that which is hidden, unveil to me what is forbidden"
    ],
    "gameVersion": "1.7.0",
    "platform": "Quest",
    "id": "TransparentWallsV1",
    "name": "Transparent Walls V1",
    "author": "RedBrumbler",
    "category": "Other"
}