{
    "coverImageFilename": "Cover.png",
    "icon": "Cover.png",
    "components": [
        {
            "type": "FileCopyMod",
            "sourceFileName": "Rose Quartz sword.qsaber",
            "targetRootedPathAndFileName": "/sdcard/Android/data/com.beatgames.beatsaber/files/sabers/testSaber.qsaber"
        }
    ],
    "version": "1.0.0",
    "links": {
        "pageLink": "https://github.com/RedBrumbler/BMBFCustomSabers/wiki/Commisions"
    },
    "description": [
        "Go poof some bloqs with rose's sword!"
    ],
    "gameVersion": "1.11.1",
    "platform": "Quest",
    "id": "RoseQuartzswordRedBrumblerV1.0.0",
    "name": "Rose Quartz sword",
    "author": "RedBrumbler",
    "category": "Saber"
}