{
  "coverImageFilename": "Cover.png",
  "icon": "Cover.png",
  "components": [
    {
      "Type": "AssetsMod",
      "InstallAction": {
        "PreloadFiles": [
          "sharedassets16.assets"
        ],
        "Actions": [
          {
            "Type": "ReplaceAsset",
            "FromDataFile": "bomb.dat",
            "Locator": {
              "TypeIs": "Mesh",
              "NameIs": "Bomb"
            },
            "AllowOverwriteName": false,
            "StepNumber": 1
          }
        ]
      },
      "UninstallAction": {
        "PreloadFiles": [
          "sharedassets16.assets"
        ],
        "Actions": [
          {
            "Type": "RestoreAsset",
            "Locator": {
              "TypeIs": "Mesh",
              "NameIs": "Bomb"
            },
            "StepNumber": 1
          }
        ]
      }
    }
  ],
  "version": "1.0.0",
  "links": {},
  "description": [
    "Retro Bomb innovation"
  ],
  "gameVersion": "1.5.0",
  "platform": "Quest",
  "id": "retrobombv1",
  "name": "Retro Bomb",
  "author": "FutureMapperMyDud",
  "category": "Other"
}