{
    "coverImageFilename": "cover.png",
    "icon": "cover.png",
    "components": [
        {
            "type": "FileCopyMod",
            "sourceFileName": "Fiore di Gelo.qsaber",
            "targetRootedPathAndFileName": "/sdcard/Android/data/com.beatgames.beatsaber/files/sabers/testSaber.qsaber"
        },
		{
            "Type": "AssetsMod",
            "InstallAction": {
                "PreloadFiles": [
                    "{{Trail}}"
                ],
                "Actions": [
                    {
                        "Type": "ReplaceAsset",
                        "FromDataFile": "FullTrail.dat",
                        "Locator": {
                            "TypeIs": "Texture2D",
                            "NameIs": "FullTrail"
                        },
                        "AllowOverwriteName": false,
                        "StepNumber": 1
                    }
                ]
            },
            "UninstallAction": {
                "PreloadFiles": [
                    "{{Trail}}"
                ],
                "Actions": [
                    {
                        "Type": "RestoreAsset",
                        "Locator": {
                            "TypeIs": "Texture2D",
                            "NameIs": "FullTrail"
                        },
                        "StepNumber": 1
                    }
                ]
            }
        }
    ],
    "version": "1.0.0",
    "links": {
        "pageLink": "https://github.com/RedBrumbler/BMBFCustomSabers/wiki/Commisions"
    },
    "description": [
        "A blade made of ice, it's so cold it even cools down the air around it to such a degree mere humans can not touch it"
    ],
    "gameVersion": "1.10.0",
    "platform": "Quest",
    "id": "FiorediGeloRedBrumblerV1.0.0",
    "name": "Fiore di Gelo",
    "author": "RedBrumbler",
    "category": "Saber"
}