{
  "coverImageFilename": "Cover.jpg",
  "icon": "Cover.jpg",
  "components": [
    {
      "Type": "AssetsMod",
      "InstallAction": {
        "PreloadFiles": [
		  "sharedassets28.assets"
        ],
        "Actions": [
          {
            "Type": "ReplaceAsset",
            "FromDataFile": "LevelCleared.dat",
            "Locator": {
              "TypeIs": "AudioClip",
              "NameIs": "LevelCleared"
            },
            "AllowOverwriteName": false,
            "StepNumber": 1
          }
        ]
      },
      "UninstallAction": {
        "PreloadFiles": [
		  "sharedassets28.assets"
        ],
        "Actions": [
          {
            "Type": "RestoreAsset",
            "Locator": {
              "TypeIs": "AudioClip",
              "NameIs": "LevelCleared"
            },
            "StepNumber": 1
          }
        ]
      }
    }
  ],
  "version": "0.0.1",
  "links": {},
  "description": [
    "Yooooo!"
  ],
  "gameVersion": "1.7.0",
  "platform": "Quest",
  "id": "legitness",
  "name": "That was legit ness - New highscore sound",
  "author": "Brinch",
  "category": "Other"
}