{
    "coverImageFilename": "Cover.png",
    "icon": "Cover.png",
    "components": [
        {
            "Type": "AssetsMod",
            "InstallAction": {
                "PreloadFiles": [
                    "{{Saber}}"
                ],
                "Actions": [
                    {
                        "Type": "ReplaceAsset",
                        "FromDataFile": "SaberBlade.dat",
                        "Locator": {
                            "TypeIs": "Mesh",
                            "NameIs": "SaberBlade"
                        },
                        "AllowOverwriteName": false,
                        "StepNumber": 1
                    },
                    {
                        "Type": "ReplaceAsset",
                        "FromDataFile": "SaberGlowingEdges.dat",
                        "Locator": {
                            "TypeIs": "Mesh",
                            "NameIs": "SaberGlowingEdges"
                        },
                        "AllowOverwriteName": false,
                        "StepNumber": 2
                    },
                    {
                        "Type": "ReplaceAsset",
                        "FromDataFile": "SaberHandle.dat",
                        "Locator": {
                            "TypeIs": "Mesh",
                            "NameIs": "SaberHandle"
                        },
                        "AllowOverwriteName": false,
                        "StepNumber": 3
                    },
                    {
                        "Type": "ReplaceAsset",
                        "FromDataFile": "FakeGlow0.dat",
                        "Locator": {
                            "PathIs": {
                                "fileType": "Saber",
                                "PathID": 28
                            }
                        },
                        "AllowOverwriteName": false,
                        "StepNumber": 4
                    },
                    {
                        "Type": "ReplaceAsset",
                        "FromDataFile": "FakeGlow1.dat",
                        "Locator": {
                            "PathIs": {
                                "fileType": "Saber",
                                "PathID": 30
                            }
                        },
                        "AllowOverwriteName": false,
                        "StepNumber": 5
                    }
                ]
            },
            "UninstallAction": {
                "PreloadFiles": [
                    "{{Saber}}"
                ],
                "Actions": [
                    {
                        "Type": "RestoreAsset",
                        "Locator": {
                            "TypeIs": "Mesh",
                            "NameIs": "SaberBlade"
                        },
                        "StepNumber": 1
                    },
                    {
                        "Type": "RestoreAsset",
                        "Locator": {
                            "TypeIs": "Mesh",
                            "NameIs": "SaberGlowingEdges"
                        },
                        "StepNumber": 2
                    },
                    {
                        "Type": "RestoreAsset",
                        "Locator": {
                            "TypeIs": "Mesh",
                            "NameIs": "SaberHandle"
                        },
                        "StepNumber": 3
                    },
                    {
                        "Type": "RestoreAsset",
                        "Locator": {
                            "PathIs": {
                                "fileType": "Saber",
                                "PathID": 28
                            }
                        },
                        "StepNumber": 4
                    },
                    {
                        "Type": "RestoreAsset",
                        "Locator": {
                            "PathIs": {
                                "fileType": "Saber",
                                "PathID": 30
                            }
                        },
                        "StepNumber": 5
                    }
                ]
            }
        }
    ],
    "version": "1.0.0",
    "links": {
        "Click here for info on commissions": "https://github.com/RedBrumbler/BMBFCustomSabers/wiki/Commisions"
    },
    "description": [
        "Rise up against the malice by slicing blocks with this!"
    ],
    "gameVersion": "1.7.0",
    "platform": "Quest",
    "id": "GuardianSwordSaberV1",
    "name": "Guardian Sword Saber V1",
    "author": "MissRaynor",
    "porter": "RedBrumbler, commissioned by Radiant",
    "category": "Saber"
}