﻿{
    "coverImageFilename": "Cover.png",
    "icon": "Cover.png",
    "components": [
        {
            "Type": "AssetsMod",
            "InstallAction": {
                "PreloadFiles": [
                    "{{Note}}"
                ],
                "Actions": [
                    {
                        "Type": "ReplaceAsset",
                        "FromDataFile": "CubeNoteSmoothHD.dat",
                        "Locator": {
                            "TypeIs": "Mesh",
                            "NameIs": "CubeNoteSmoothHD"
                        },
                        "AllowOverwriteName": false,
                        "StepNumber": 1
                    }
                ]
            },
            "UninstallAction": {
                "PreloadFiles": [
                    "{{Note}}"
                ],
                "Actions": [
                    {
                        "Type": "RestoreAsset",
                        "Locator": {
                            "TypeIs": "Mesh",
                            "NameIs": "CubeNoteSmoothHD"
                        },
                        "StepNumber": 1
                    }
                ]
            }
        }
    ],
    "version": "0.2.0",
    "links": {},
    "description": [
        "ModDescription"
    ],
    "gameVersion": "1.7.0",
    "platform": "Quest",
    "id": "InvisiBlocksV2",
    "name": "InvisiBlocks",
    "author": "Yuuki",
    "category": "Notes"
}