{
  "id": "Rainbow Saber Trail",
  "name": "Rainbow Saber Trail",
  "author": "Cynodinium",
  "description": ["SO. MUCH. COLOR."],
  "gameVersion": "1.4.1",
  "version": "1.0.3",
  "platform": "Quest",
  "category": "Other",
  "coverImageFilename": "cover.png",
  "components": [
    {
      "Type": "AssetsMod",
      "InstallAction": {
        "PreloadFiles": [
          "sharedassets14.assets"
        ],
        "Actions": [
          {
            "Type": "ReplaceAsset",
            "FromDataFile": "FullTrail.dat",
            "Locator": {
              "TypeIs": "Texture2D",
              "NameIs": "FullTrail"
            },
            "AllowOverwriteName": false,
            "StepNumber": 1
          }
        ]
      },
      "UninstallAction": {
        "PreloadFiles": [
          "sharedassets14.assets"
        ],
        "Actions": [
          {
            "Type": "ReplaceAsset",
            "Locator": {
              "TypeIs": "Texture2D",
              "NameIs": "FullTrail"
            },
            "StepNumber": 1
          }
        ]
      }
    }
  ]
}