{
    "coverImageFilename": "cover.png",
    "icon": "cover.png",
    "components": [
        {
            "type": "FileCopyMod",
            "sourceFileName": "Neon Blade.qsaber",
            "targetRootedPathAndFileName": "/sdcard/Android/data/com.beatgames.beatsaber/files/sabers/testSaber.qsaber"
        }
    ],
    "version": "1.0.0",
    "links": {
        "pageLink": "https://sketchfab.com/3d-models/neon-blade-sword-e3caffae38ff43aea3476cea700b6a00"
    },
    "description": [
        "Cut through bloqs as if they are nothing with this neon laser blade! Neon Blade By wawann on sketchfab"
    ],
    "gameVersion": "1.10.0",
    "platform": "Quest",
    "id": "NeonBladeRedBrumblerV1.0.0",
    "name": "Neon Blade",
    "author": "RedBrumbler",
    "category": "Saber"
}