{
  "gameVersion": "1.7.0",
  "author": "Brinch",
	"links": {},
  "name": "Orange Fog",
   "description": ["Makes the fog in the menu orange."],
		"id": "OrangeFog",
			"version": "0.0.1",
  "components": [
    {
      "Type": "AssetsMod",
      "InstallAction": {
        "PreloadFiles": [
          "level0","level1","level2","level3","level4","level5","level6","level7","level8","level9","level10","level11","level12","level13","level14","level15","level16","level17","level18","level19","level20","level21","level22","level23","level24","level25","level26","level27","level28","level29"
        ],
        "Actions": [
          {
            "Type": "ReplaceAsset",
            "FromDataFile": "RenderFog.dat",
            "Locator": {
			"PathIs": {
              "AssetfileName": "level0",
              "PathID": 19
			  }
            },
            "AllowOverwriteName": false,
            "StepNumber": 1
          },
          {
            "Type": "ReplaceAsset",
            "FromDataFile": "RenderFog.dat",
            "Locator": {
			"PathIs": {
              "AssetfileName": "level1",
              "PathID": 66
			  }
            },
            "AllowOverwriteName": false,
            "StepNumber": 2
          },
          {
            "Type": "ReplaceAsset",
            "FromDataFile": "RenderFog.dat",
            "Locator": {
			"PathIs": {
              "AssetfileName": "level2",
              "PathID": 385
			  }
            },
            "AllowOverwriteName": false,
            "StepNumber": 3
          },
          {
            "Type": "ReplaceAsset",
            "FromDataFile": "RenderFog.dat",
            "Locator": {
			"PathIs": {
              "AssetfileName": "level3",
              "PathID": 617
			  }
            },
            "AllowOverwriteName": false,
            "StepNumber": 4
          },
          {
            "Type": "ReplaceAsset",
            "FromDataFile": "RenderFog.dat",
            "Locator": {
			"PathIs": {
              "AssetfileName": "level4",
              "PathID": 531
			  }
            },
            "AllowOverwriteName": false,
            "StepNumber": 5
          },
          {
            "Type": "ReplaceAsset",
            "FromDataFile": "RenderFog.dat",
            "Locator": {
			"PathIs": {
              "AssetfileName": "level5",
              "PathID": 619
			  }
            },
            "AllowOverwriteName": false,
            "StepNumber": 6
          },
          {
            "Type": "ReplaceAsset",
            "FromDataFile": "RenderFog.dat",
            "Locator": {
			"PathIs": {
              "AssetfileName": "level6",
              "PathID": 362
			  }
            },
            "AllowOverwriteName": false,
            "StepNumber": 7
          },
          {
            "Type": "ReplaceAsset",
            "FromDataFile": "RenderFog.dat",
            "Locator": {
			"PathIs": {
              "AssetfileName": "level7",
              "PathID": 792
			  }
            },
            "AllowOverwriteName": false,
            "StepNumber": 8
          },
          {
            "Type": "ReplaceAsset",
            "FromDataFile": "RenderFog.dat",
            "Locator": {
			"PathIs": {
              "AssetfileName": "level8",
              "PathID": 843
			  }
            },
            "AllowOverwriteName": false,
            "StepNumber": 9
          },
          {
            "Type": "ReplaceAsset",
            "FromDataFile": "RenderFog.dat",
            "Locator": {
			"PathIs": {
              "AssetfileName": "level9",
              "PathID": 843
			  }
            },
            "AllowOverwriteName": false,
            "StepNumber": 10
          },
          {
            "Type": "ReplaceAsset",
            "FromDataFile": "RenderFog.dat",
            "Locator": {
			"PathIs": {
              "AssetfileName": "level10",
              "PathID": 1275
			  }
            },
            "AllowOverwriteName": false,
            "StepNumber": 11
          },
          {
            "Type": "ReplaceAsset",
            "FromDataFile": "RenderFog.dat",
            "Locator": {
			"PathIs": {
              "AssetfileName": "level11",
              "PathID": 534
			  }
            },
            "AllowOverwriteName": false,
            "StepNumber": 12
          },
          {
            "Type": "ReplaceAsset",
            "FromDataFile": "RenderFog.dat",
            "Locator": {
			"PathIs": {
              "AssetfileName": "level12",
              "PathID": 590
			  }
            },
            "AllowOverwriteName": false,
            "StepNumber": 13
          },
          {
            "Type": "ReplaceAsset",
            "FromDataFile": "RenderFog.dat",
            "Locator": {
			"PathIs": {
              "AssetfileName": "level13",
              "PathID": 400
			  }
            },
            "AllowOverwriteName": false,
            "StepNumber": 14
          },
          {
            "Type": "ReplaceAsset",
            "FromDataFile": "RenderFog.dat",
            "Locator": {
			"PathIs": {
              "AssetfileName": "level14",
              "PathID": 405
			  }
            },
            "AllowOverwriteName": false,
            "StepNumber": 15
          },
          {
            "Type": "ReplaceAsset",
            "FromDataFile": "RenderFog.dat",
            "Locator": {
			"PathIs": {
              "AssetfileName": "level15",
              "PathID": 553
			  }
            },
            "AllowOverwriteName": false,
            "StepNumber": 16
          },
          {
            "Type": "ReplaceAsset",
            "FromDataFile": "RenderFog.dat",
            "Locator": {
			"PathIs": {
              "AssetfileName": "level16",
              "PathID": 698
			  }
            },
            "AllowOverwriteName": false,
            "StepNumber": 17
          },
          {
            "Type": "ReplaceAsset",
            "FromDataFile": "RenderFog.dat",
            "Locator": {
			"PathIs": {
              "AssetfileName": "level17",
              "PathID": 494
			  }
            },
            "AllowOverwriteName": false,
            "StepNumber": 18
          },
          {
            "Type": "ReplaceAsset",
            "FromDataFile": "RenderFog.dat",
            "Locator": {
			"PathIs": {
              "AssetfileName": "level18",
              "PathID": 113
			  }
            },
            "AllowOverwriteName": false,
            "StepNumber": 19
          },
          {
            "Type": "ReplaceAsset",
            "FromDataFile": "RenderFog.dat",
            "Locator": {
			"PathIs": {
              "AssetfileName": "level19",
              "PathID": 66
			  }
            },
            "AllowOverwriteName": false,
            "StepNumber": 20
          },
          {
            "Type": "ReplaceAsset",
            "FromDataFile": "RenderFog.dat",
            "Locator": {
			"PathIs": {
              "AssetfileName": "level20",
              "PathID": 150
			  }
            },
            "AllowOverwriteName": false,
            "StepNumber": 21
          },
          {
            "Type": "ReplaceAsset",
            "FromDataFile": "RenderFog.dat",
            "Locator": {
			"PathIs": {
              "AssetfileName": "level21",
              "PathID": 115
			  }
            },
            "AllowOverwriteName": false,
            "StepNumber": 22
          },
          {
            "Type": "ReplaceAsset",
            "FromDataFile": "RenderFog.dat",
            "Locator": {
			"PathIs": {
              "AssetfileName": "level22",
              "PathID": 184
			  }
            },
            "AllowOverwriteName": false,
            "StepNumber": 23
          },
          {
            "Type": "ReplaceAsset",
            "FromDataFile": "RenderFog.dat",
            "Locator": {
			"PathIs": {
              "AssetfileName": "level23",
              "PathID": 575
			  }
            },
            "AllowOverwriteName": false,
            "StepNumber": 24
          },
          {
            "Type": "ReplaceAsset",
            "FromDataFile": "RenderFog.dat",
            "Locator": {
			"PathIs": {
              "AssetfileName": "level24",
              "PathID": 115
			  }
            },
            "AllowOverwriteName": false,
            "StepNumber": 25
          },
          {
            "Type": "ReplaceAsset",
            "FromDataFile": "RenderFog.dat",
            "Locator": {
			"PathIs": {
              "AssetfileName": "level25",
              "PathID": 23
			  }
            },
            "AllowOverwriteName": false,
            "StepNumber": 26
          },
          {
            "Type": "ReplaceAsset",
            "FromDataFile": "RenderFog.dat",
            "Locator": {
			"PathIs": {
              "AssetfileName": "level26",
              "PathID": 177
			  }
            },
            "AllowOverwriteName": false,
            "StepNumber": 27
          },
          {
            "Type": "ReplaceAsset",
            "FromDataFile": "RenderFog.dat",
            "Locator": {
			"PathIs": {
              "AssetfileName": "level27",
              "PathID": 341
			  }
            },
            "AllowOverwriteName": false,
            "StepNumber": 28
          },
          {
            "Type": "ReplaceAsset",
            "FromDataFile": "RenderFog.dat",
            "Locator": {
			"PathIs": {
              "AssetfileName": "level28",
              "PathID": 2628
			  }
            },
            "AllowOverwriteName": false,
            "StepNumber": 29
          },
          {
            "Type": "ReplaceAsset",
            "FromDataFile": "RenderFog.dat",
            "Locator": {
			"PathIs": {
              "AssetfileName": "level29",
              "PathID": 5
			  }
            },
            "AllowOverwriteName": false,
            "StepNumber": 30
          }        
        ]
      },
      "UninstallAction": {
        "PreloadFiles": [
          "level0","level1","level2","level3","level4","level5","level6","level7","level8","level9","level10","level11","level12","level13","level14","level15","level16","level17","level18","level19","level20","level21","level22","level23","level24","level25","level26","level27","level28","level29"
        ],
        "Actions": [
          {
            "Type": "RestoreAsset",
            "Locator": {
			"PathIs": {
              "AssetfileName": "level0",
              "PathID": 19
			  }
            },
            "StepNumber": 1
          },
          {
            "Type": "RestoreAsset",
            "Locator": {
			"PathIs": {
              "AssetfileName": "level1",
              "PathID": 66
			  }
            },
            "StepNumber": 2
          },
		  {
            "Type": "RestoreAsset",
            "Locator": {
			"PathIs": {
              "AssetfileName": "level2",
              "PathID": 385
			  }
            },
            "StepNumber": 3
          },
		  {
            "Type": "RestoreAsset",
            "Locator": {
			"PathIs": {
              "AssetfileName": "level3",
              "PathID": 617
			  }
            },
            "StepNumber": 4
          },
		  {
            "Type": "RestoreAsset",
            "Locator": {
			"PathIs": {
              "AssetfileName": "level4",
              "PathID": 531
			  }
            },
            "StepNumber": 5
          },
		  {
            "Type": "RestoreAsset",
            "Locator": {
			"PathIs": {
              "AssetfileName": "level5",
              "PathID": 619
			  }
            },
            "StepNumber": 6
          },
          {
            "Type": "RestoreAsset",
            "Locator": {
			"PathIs": {
              "AssetfileName": "level6",
              "PathID": 362
			  }
            },
            "StepNumber": 7
          },
          {
            "Type": "RestoreAsset",
            "Locator": {
			"PathIs": {
              "AssetfileName": "level7",
              "PathID": 792
			  }
            },
            "StepNumber": 8
          },
          {
            "Type": "RestoreAsset",
            "Locator": {
			"PathIs": {
              "AssetfileName": "level8",
              "PathID": 843
			  }
            },
            "StepNumber": 9
          },
          {
            "Type": "RestoreAsset",
            "Locator": {
			"PathIs": {
              "AssetfileName": "level9",
              "PathID": 843
			  }
            },
            "StepNumber": 10
          },
          {
            "Type": "RestoreAsset",
            "Locator": {
			"PathIs": {
              "AssetfileName": "level10",
              "PathID": 1275
			  }
            },
            "StepNumber": 11
          },
          {
            "Type": "RestoreAsset",
            "Locator": {
			"PathIs": {
              "AssetfileName": "level11",
              "PathID": 534
			  }
            },
            "StepNumber": 12
          },
          {
            "Type": "RestoreAsset",
            "Locator": {
			"PathIs": {
              "AssetfileName": "level12",
              "PathID": 590
			  }
            },
            "StepNumber": 13
          },
          {
            "Type": "RestoreAsset",
            "Locator": {
			"PathIs": {
              "AssetfileName": "level13",
              "PathID": 400
			  }
            },
            "StepNumber": 14
          },
          {
            "Type": "RestoreAsset",
            "Locator": {
			"PathIs": {
              "AssetfileName": "level14",
              "PathID": 405
			  }
            },
            "StepNumber": 15
          },
          {
            "Type": "RestoreAsset",
            "Locator": {
			"PathIs": {
              "AssetfileName": "level15",
              "PathID": 553
			  }
            },
            "StepNumber": 16
          },
          {
            "Type": "RestoreAsset",
            "Locator": {
			"PathIs": {
              "AssetfileName": "level16",
              "PathID": 698
			  }
            },
            "StepNumber": 17
          },
          {
            "Type": "RestoreAsset",
            "Locator": {
			"PathIs": {
              "AssetfileName": "level17",
              "PathID": 494
			  }
            },
            "StepNumber": 18
          },
          {
            "Type": "RestoreAsset",
            "Locator": {
			"PathIs": {
              "AssetfileName": "level18",
              "PathID": 113
			  }
            },
            "StepNumber": 19
          },
          {
            "Type": "RestoreAsset",
            "Locator": {
			"PathIs": {
              "AssetfileName": "level19",
              "PathID": 66
			  }
            },
            "StepNumber": 20
          },
          {
            "Type": "RestoreAsset",
            "Locator": {
			"PathIs": {
              "AssetfileName": "level20",
              "PathID": 150
			  }
            },
            "StepNumber": 21
          },
          {
            "Type": "RestoreAsset",
            "Locator": {
			"PathIs": {
              "AssetfileName": "level21",
              "PathID": 115
			  }
            },
            "StepNumber": 22
          },
          {
            "Type": "RestoreAsset",
            "Locator": {
			"PathIs": {
              "AssetfileName": "level22",
              "PathID": 184
			  }
            },
            "StepNumber": 23
          },
          {
            "Type": "RestoreAsset",
            "Locator": {
			"PathIs": {
              "AssetfileName": "level23",
              "PathID": 575
			  }
            },
            "StepNumber": 24
          },
          {
            "Type": "RestoreAsset",
            "Locator": {
			"PathIs": {
              "AssetfileName": "level24",
              "PathID": 115
			  }
            },
            "StepNumber": 25
          },
          {
            "Type": "RestoreAsset",
            "Locator": {
			"PathIs": {
              "AssetfileName": "level25",
              "PathID": 23
			  }
            },
            "StepNumber": 26
          },
          {
            "Type": "RestoreAsset",
            "Locator": {
			"PathIs": {
              "AssetfileName": "level26",
              "PathID": 177
			  }
            },
            "StepNumber": 27
          },
          {
            "Type": "RestoreAsset",
            "Locator": {
			"PathIs": {
              "AssetfileName": "level27",
              "PathID": 341
			  }
            },
            "StepNumber": 28
          },
          {
            "Type": "RestoreAsset",
            "Locator": {
			"PathIs": {
              "AssetfileName": "level28",
              "PathID": 2628
			  }
            },
            "StepNumber": 29
          },
          {
            "Type": "RestoreAsset",
            "Locator": {
			"PathIs": {
              "AssetfileName": "level29",
              "PathID": 5
			  }
            },
            "StepNumber": 30
          } 
        ]
      }
    }
  ],
  "icon": "Cover.jpg",
  "coverImageFilename": "Cover.jpg",
  "category": "Other",
  "platform": "Quest"
}