{
    "coverImageFilename": "cover.png",
    "icon": "cover.png",
    "components": [
        {
            "type": "FileCopyMod",
            "sourceFileName": "No.1 Saber.qsaber",
            "targetRootedPathAndFileName": "/sdcard/Android/data/com.beatgames.beatsaber/files/sabers/testSaber.qsaber"
        }
    ],
    "version": "1.0.0",
    "links": {
        "pageLink": "https://github.com/RedBrumbler/BMBFCustomSabers/wiki/Commisions"
    },
    "description": [
        "We are number 1!"
    ],
    "gameVersion": "1.13.0",
    "platform": "Quest",
    "id": "No.1SaberRedBrumblerV1.0.0",
    "name": "No.1 Saber",
    "author": "RedBrumbler",
    "category": "Saber"
}