{
  "coverImageFilename": "Cover.png",
  "icon": "Cover.png",
  "components": [
    {
      "Type": "AssetsMod",
      "InstallAction": {
        "PreloadFiles": [
          "sharedassets19.assets",
		  "sharedassets2.assets"
        ],
        "Actions": [
          {
            "Type": "ReplaceAsset",
            "FromDataFile": "GoodHit.dat",
            "Locator": {
              "TypeIs": "AudioClip",
              "NameIs": "HitShortLeft4"
            },
            "AllowOverwriteName": false,
            "StepNumber": 1
          },
          {
            "Type": "ReplaceAsset",
            "FromDataFile": "GoodHit.dat",
            "Locator": {
              "TypeIs": "AudioClip",
              "NameIs": "HitLongRight1"
            },
            "AllowOverwriteName": false,
            "StepNumber": 2
          },
          {
            "Type": "ReplaceAsset",
            "FromDataFile": "GoodHit.dat",
            "Locator": {
              "TypeIs": "AudioClip",
              "NameIs": "HitShortRight1"
            },
            "AllowOverwriteName": false,
            "StepNumber": 3
          },
          {
            "Type": "ReplaceAsset",
            "FromDataFile": "GoodHit.dat",
            "Locator": {
              "TypeIs": "AudioClip",
              "NameIs": "HitLongLeft3"
            },
            "AllowOverwriteName": false,
            "StepNumber": 4
          },
          {
            "Type": "ReplaceAsset",
            "FromDataFile": "GoodHit.dat",
            "Locator": {
              "TypeIs": "AudioClip",
              "NameIs": "HitShortLeft1"
            },
            "AllowOverwriteName": false,
            "StepNumber": 5
          },
          {
            "Type": "ReplaceAsset",
            "FromDataFile": "GoodHit.dat",
            "Locator": {
              "TypeIs": "AudioClip",
              "NameIs": "HitLongRight5"
            },
            "AllowOverwriteName": false,
            "StepNumber": 6
          },
          {
            "Type": "ReplaceAsset",
            "FromDataFile": "GoodHit.dat",
            "Locator": {
              "TypeIs": "AudioClip",
              "NameIs": "HitLongRight3"
            },
            "AllowOverwriteName": false,
            "StepNumber": 7
          },
          {
            "Type": "ReplaceAsset",
            "FromDataFile": "GoodHit.dat",
            "Locator": {
              "TypeIs": "AudioClip",
              "NameIs": "HitLongLeft2"
            },
            "AllowOverwriteName": false,
            "StepNumber": 8
          },
          {
            "Type": "ReplaceAsset",
            "FromDataFile": "GoodHit.dat",
            "Locator": {
              "TypeIs": "AudioClip",
              "NameIs": "HitShortRight3"
            },
            "AllowOverwriteName": false,
            "StepNumber": 9
          },
          {
            "Type": "ReplaceAsset",
            "FromDataFile": "GoodHit.dat",
            "Locator": {
              "TypeIs": "AudioClip",
              "NameIs": "HitLongLeft1"
            },
            "AllowOverwriteName": false,
            "StepNumber": 10
          },
          {
            "Type": "ReplaceAsset",
            "FromDataFile": "GoodHit.dat",
            "Locator": {
              "TypeIs": "AudioClip",
              "NameIs": "HitLongRight4"
            },
            "AllowOverwriteName": false,
            "StepNumber": 11
          },
          {
            "Type": "ReplaceAsset",
            "FromDataFile": "GoodHit.dat",
            "Locator": {
              "TypeIs": "AudioClip",
              "NameIs": "HitLongLeft5"
            },
            "AllowOverwriteName": false,
            "StepNumber": 12
          },
          {
            "Type": "ReplaceAsset",
            "FromDataFile": "GoodHit.dat",
            "Locator": {
              "TypeIs": "AudioClip",
              "NameIs": "HitShortLeft5"
            },
            "AllowOverwriteName": false,
            "StepNumber": 13
          },
          {
            "Type": "ReplaceAsset",
            "FromDataFile": "GoodHit.dat",
            "Locator": {
              "TypeIs": "AudioClip",
              "NameIs": "HitShortRight5"
            },
            "AllowOverwriteName": false,
            "StepNumber": 14
          },
          {
            "Type": "ReplaceAsset",
            "FromDataFile": "GoodHit.dat",
            "Locator": {
              "TypeIs": "AudioClip",
              "NameIs": "HitLongRight2"
            },
            "AllowOverwriteName": false,
            "StepNumber": 15
          },
          {
            "Type": "ReplaceAsset",
            "FromDataFile": "GoodHit.dat",
            "Locator": {
              "TypeIs": "AudioClip",
              "NameIs": "HitLongLeft4"
            },
            "AllowOverwriteName": false,
            "StepNumber": 16
          },
          {
            "Type": "ReplaceAsset",
            "FromDataFile": "GoodHit.dat",
            "Locator": {
              "TypeIs": "AudioClip",
              "NameIs": "HitShortRight2"
            },
            "AllowOverwriteName": false,
            "StepNumber": 17
          },
          {
            "Type": "ReplaceAsset",
            "FromDataFile": "GoodHit.dat",
            "Locator": {
              "TypeIs": "AudioClip",
              "NameIs": "HitShortLeft2"
            },
            "AllowOverwriteName": false,
            "StepNumber": 18
          },
          {
            "Type": "ReplaceAsset",
            "FromDataFile": "GoodHit.dat",
            "Locator": {
              "TypeIs": "AudioClip",
              "NameIs": "HitShortLeft3"
            },
            "AllowOverwriteName": false,
            "StepNumber": 19
          },
          {
            "Type": "ReplaceAsset",
            "FromDataFile": "GoodHit.dat",
            "Locator": {
              "TypeIs": "AudioClip",
              "NameIs": "HitShortRight4"
            },
            "AllowOverwriteName": false,
            "StepNumber": 20
          },
		  {
            "Type": "ReplaceAsset",
            "FromDataFile": "BadHit.dat",
            "Locator": {
              "TypeIs": "AudioClip",
              "NameIs": "BadCut0"
            },
            "AllowOverwriteName": false,
            "StepNumber": 21
          },
          {
            "Type": "ReplaceAsset",
            "FromDataFile": "BadHit.dat",
            "Locator": {
              "TypeIs": "AudioClip",
              "NameIs": "BadCut1"
            },
            "AllowOverwriteName": false,
            "StepNumber": 22
          },
          {
            "Type": "ReplaceAsset",
            "FromDataFile": "BadHit.dat",
            "Locator": {
              "TypeIs": "AudioClip",
              "NameIs": "BadCut2"
            },
            "AllowOverwriteName": false,
            "StepNumber": 23
          },
          {
            "Type": "ReplaceAsset",
            "FromDataFile": "BadHit.dat",
            "Locator": {
              "TypeIs": "AudioClip",
              "NameIs": "BadCut3"
            },
            "AllowOverwriteName": false,
            "StepNumber": 24
          },
		  {
            "Type": "ReplaceAsset",
            "FromDataFile": "MenuClick.dat",
            "Locator": {
              "TypeIs": "AudioClip",
              "NameIs": "MenuClick0"
            },
            "AllowOverwriteName": false,
            "StepNumber": 25
          }
        ]
      },
      "UninstallAction": {
        "PreloadFiles": [
          "sharedassets19.assets",
		  "sharedassets2.assets"
        ],
        "Actions": [
          {
            "Type": "RestoreAsset",
            "Locator": {
              "TypeIs": "AudioClip",
              "NameIs": "HitShortLeft1"
            },
            "StepNumber": 1
          },
          {
            "Type": "RestoreAsset",
            "Locator": {
              "TypeIs": "AudioClip",
              "NameIs": "HitShortLeft2"
            },
            "StepNumber": 2
          },
          {
            "Type": "RestoreAsset",
            "Locator": {
              "TypeIs": "AudioClip",
              "NameIs": "HitShortLeft3"
            },
            "StepNumber": 3
          },
          {
            "Type": "RestoreAsset",
            "Locator": {
              "TypeIs": "AudioClip",
              "NameIs": "HitShortLeft4"
            },
            "StepNumber": 4
          },
          {
            "Type": "RestoreAsset",
            "Locator": {
              "TypeIs": "AudioClip",
              "NameIs": "HitShortLeft5"
            },
            "StepNumber": 5
          },
          {
            "Type": "RestoreAsset",
            "Locator": {
              "TypeIs": "AudioClip",
              "NameIs": "HitShortRight1"
            },
            "StepNumber": 6
          },
          {
            "Type": "RestoreAsset",
            "Locator": {
              "TypeIs": "AudioClip",
              "NameIs": "HitShortRight2"
            },
            "StepNumber": 7
          },
          {
            "Type": "RestoreAsset",
            "Locator": {
              "TypeIs": "AudioClip",
              "NameIs": "HitShortRight3"
            },
            "StepNumber": 8
          },
          {
            "Type": "RestoreAsset",
            "Locator": {
              "TypeIs": "AudioClip",
              "NameIs": "HitShortRight4"
            },
            "StepNumber": 9
          },
          {
            "Type": "RestoreAsset",
            "Locator": {
              "TypeIs": "AudioClip",
              "NameIs": "HitShortRight5"
            },
            "StepNumber": 10
          },
          {
            "Type": "RestoreAsset",
            "Locator": {
              "TypeIs": "AudioClip",
              "NameIs": "HitLongLeft1"
            },
            "StepNumber": 11
          },
          {
            "Type": "RestoreAsset",
            "Locator": {
              "TypeIs": "AudioClip",
              "NameIs": "HitLongLeft2"
            },
            "StepNumber": 12
          },
          {
            "Type": "RestoreAsset",
            "Locator": {
              "TypeIs": "AudioClip",
              "NameIs": "HitLongLeft3"
            },
            "StepNumber": 13
          },
          {
            "Type": "RestoreAsset",
            "Locator": {
              "TypeIs": "AudioClip",
              "NameIs": "HitLongLeft4"
            },
            "StepNumber": 14
          },
          {
            "Type": "RestoreAsset",
            "Locator": {
              "TypeIs": "AudioClip",
              "NameIs": "HitLongLeft5"
            },
            "StepNumber": 15
          },
          {
            "Type": "RestoreAsset",
            "Locator": {
              "TypeIs": "AudioClip",
              "NameIs": "HitLongRight1"
            },
            "StepNumber": 16
          },
          {
            "Type": "RestoreAsset",
            "Locator": {
              "TypeIs": "AudioClip",
              "NameIs": "HitLongRight2"
            },
            "StepNumber": 17
          },
          {
            "Type": "RestoreAsset",
            "Locator": {
              "TypeIs": "AudioClip",
              "NameIs": "HitLongRight3"
            },
            "StepNumber": 18
          },
          {
            "Type": "RestoreAsset",
            "Locator": {
              "TypeIs": "AudioClip",
              "NameIs": "HitLongRight4"
            },
            "StepNumber": 19
          },
          {
            "Type": "RestoreAsset",
            "Locator": {
              "TypeIs": "AudioClip",
              "NameIs": "HitLongRight5"
            },
            "StepNumber": 20
          },
		  {
            "Type": "RestoreAsset",
            "Locator": {
              "TypeIs": "AudioClip",
              "NameIs": "BadCut0"
            },
            "StepNumber": 21
          },
          {
            "Type": "RestoreAsset",
            "Locator": {
              "TypeIs": "AudioClip",
              "NameIs": "BadCut1"
            },
            "StepNumber": 22
          },
          {
            "Type": "RestoreAsset",
            "Locator": {
              "TypeIs": "AudioClip",
              "NameIs": "BadCut2"
            },
            "StepNumber": 23
          },
          {
            "Type": "RestoreAsset",
            "Locator": {
              "TypeIs": "AudioClip",
              "NameIs": "BadCut3"
            },
            "StepNumber": 24
          },
		  {
            "Type": "RestoreAsset",
            "Locator": {
              "TypeIs": "AudioClip",
              "NameIs": "MenuClick0"
            },
            "StepNumber": 25
          }
        ]
      }
    }
  ],
  "version": "1.0.0",
  "links": {},
  "description": [
    "Mod Description"
  ],
  "gameVersion": "1.6.0",
  "platform": "Quest",
  "id": "ModID",
  "name": "Mod Name",
  "author": "author",
  "category": "Other"
}