{
    "coverImageFilename": "cover.png",
    "icon": "cover.png",
    "components": [
        {
            "type": "FileCopyMod",
            "sourceFileName": "Sticc.qsaber",
            "targetRootedPathAndFileName": "/sdcard/Android/data/com.beatgames.beatsaber/files/sabers/testSaber.qsaber"
        }
    ],
    "version": "1.0.0",
    "links": {
        "pageLink": "https://github.com/RedBrumbler/BMBFCustomSabers/wiki/Commisions"
    },
    "description": [
        "I can into maek sticc"
    ],
    "gameVersion": "1.10.0",
    "platform": "Quest",
    "id": "SticcRedBrumblerV1.0.0",
    "name": "Sticc",
    "author": "RedBrumbler",
    "category": "Saber"
}