{
    "coverImageFilename": "cover.gif",
    "icon": "cover.gif",
    "components": [
        {
            "type": "FileCopyMod",
            "sourceFileName": "Mario Kart Item Boxes.qbloq",
            "targetRootedPathAndFileName": "/sdcard/Qosmetics/notes/testBloq.qbloq"
        }
    ],
    "version": "1.0.0",
    "links": {
        "pageLink": ""
    },
    "description": [
        "Granted items will likely be useless to be fair"
    ],
    "gameVersion": "1.12.2",
    "platform": "Quest",
    "id": "MarioKartItemBoxesRedBrumblerV1.0.0",
    "name": "Mario Kart Item Boxes",
    "author": "RedBrumbler",
    "category": "Bloq"
}