{
    "coverImageFilename": "cover.png",
    "icon": "cover.png",
    "components": [
        {
            "type": "FileCopyMod",
            "sourceFileName": "UglySaber.qsaber",
            "targetRootedPathAndFileName": "/sdcard/Android/data/com.beatgames.beatsaber/files/sabers/testSaber.qsaber"
        }
    ],
    "version": "1.0.0",
    "links": {
        "pageLink": "pagelink"
    },
    "description": [
        "If you're tired of all those pretty sabers then use this extremely ugly saber!"
    ],
    "gameVersion": "1.11.1",
    "platform": "Quest",
    "id": "UglySaberBrinchV1.0.0",
    "name": "UglySaber",
    "author": "Brinch",
    "category": "Saber"
}