{
  "coverImageFilename": "Cover.png",
  "icon": "Cover.png",
  "components": [
    {
      "Type": "AssetsMod",
      "InstallAction": {
        "PreloadFiles": [
          "sharedassets18.assets"
        ],
        "Actions": [
          {
            "Type": "ReplaceAsset",
            "FromDataFile": "SaberBlade.dat",
            "Locator": {
              "TypeIs": "Mesh",
              "NameIs": "SaberBlade"
            },
            "AllowOverwriteName": false,
            "StepNumber": 1
          },
          {
            "Type": "ReplaceAsset",
            "FromDataFile": "SaberGlowingEdges.dat",
            "Locator": {
              "TypeIs": "Mesh",
              "NameIs": "SaberGlowingEdges"
            },
            "AllowOverwriteName": false,
            "StepNumber": 2
          },
          {
            "Type": "ReplaceAsset",
            "FromDataFile": "SaberHandle.dat",
            "Locator": {
              "TypeIs": "Mesh",
              "NameIs": "SaberHandle"
            },
            "AllowOverwriteName": false,
            "StepNumber": 3
          },
		  {
            "Type": "ReplaceAsset",
            "FromDataFile": "FakeGlow0.dat",
            "Locator": {
              "PathIs": {
                "AssetFilename": "sharedassets18.assets",
                "PathID": 28
              }
			 },
            "AllowOverwriteName": false,
            "StepNumber": 4
          },
		  {
            "Type": "ReplaceAsset",
            "FromDataFile": "FakeGlow1.dat",
            "Locator": {
              "PathIs": {
                "AssetFilename": "sharedassets18.assets",
                "PathID": 30
              }
			 },
            "AllowOverwriteName": false,
            "StepNumber": 5
          }
        ]
      },
      "UninstallAction": {
        "PreloadFiles": [
          "sharedassets18.assets"
        ],
        "Actions": [
          {
            "Type": "RestoreAsset",
            "Locator": {
              "TypeIs": "Mesh",
              "NameIs": "SaberBlade"
            },
            "StepNumber": 1
          },
          {
            "Type": "RestoreAsset",
            "Locator": {
              "TypeIs": "Mesh",
              "NameIs": "SaberGlowingEdges"
            },
            "StepNumber": 2
          },
          {
            "Type": "RestoreAsset",
            "Locator": {
              "TypeIs": "Mesh",
              "NameIs": "SaberHandle"
            },
            "StepNumber": 3
          },
		  {
            "Type": "RestoreAsset",
            "Locator": {
              "PathIs": {
                "AssetFilename": "sharedassets18.assets",
                "PathID": 28
              }
            },
            "StepNumber": 5
          },
		  {
            "Type": "RestoreAsset",
            "Locator": {
              "PathIs": {
                "AssetFilename": "sharedassets18.assets",
                "PathID": 30
              }
            },
            "StepNumber": 6
          }
        ]
      }
    }
  ],
  "version": "1.0.1",
  "links": {},
  "description": [
    "Full Steam Ahead!"
  ],
  "gameVersion": "1.6.1",
  "platform": "Quest",
  "id": "SteampunkSaberV1",
  "name": "Steampunk Saber V1",
  "author": "RedBrumbler",
  "category": "Saber"
}