{
    "coverImageFilename": "cover.png",
    "icon": "cover.png",
    "components": [
        {
            "type": "FileCopyMod",
            "sourceFileName": "EraserSaber.qsaber",
            "targetRootedPathAndFileName": "/sdcard/Android/data/com.beatgames.beatsaber/files/sabers/testSaber.qsaber"
        }
    ],
    "version": "1.0.0",
    "links": {
        "pageLink": "https://github.com/RedBrumbler/BMBFCustomSabers/wiki/Commisions"
    },
    "description": [
        "Try to erase your mistakes, and if that fails, blocks"
    ],
    "gameVersion": "1.11.1",
    "platform": "Quest",
    "id": "EraserSaberRedBrumblerV1.0.0",
    "name": "EraserSaber",
    "author": "RedBrumbler",
    "category": "Saber"
}