{
  "coverImageFilename": "Cover.png",
  "icon": "Cover.png",
  "components": [
    {
      "Type": "AssetsMod",
      "InstallAction": {
        "PreloadFiles": [
          "sharedassets3.assets"
        ],
        "Actions": [
          {
            "Type": "ReplaceAsset",
            "FromDataFile": "PlayersPlaceCore.dat",
            "Locator": {
              "TypeIs": "Mesh",
              "NameIs": "PlayersPlaceCore"
            },
            "AllowOverwriteName": false,
            "StepNumber": 1
          },
          {
            "Type": "ReplaceAsset",
            "FromDataFile": "PlayersPlaceFrame.dat",
            "Locator": {
              "TypeIs": "Mesh",
              "NameIs": "PlayersPlaceFrame"
            },
            "AllowOverwriteName": false,
            "StepNumber": 2
          }
        ]
      },
      "UninstallAction": {
        "PreloadFiles": [
          "sharedassets3.assets"
        ],
        "Actions": [
          {
            "Type": "RestoreAsset",
            "Locator": {
              "TypeIs": "Mesh",
              "NameIs": "PlayersPlaceCore"
            },
            "StepNumber": 1
          },
          {
            "Type": "RestoreAsset",
            "Locator": {
              "TypeIs": "Mesh",
              "NameIs": "PlayersPlaceFrame"
            },
            "StepNumber": 2
          }
        ]
      }
    }
  ],
  "version": "1.4.1",
  "links": {},
  "description": [
    "NOTE: DOES NOT ACTUALLY CONNECT TO THE CLOUD"
  ],
  "gameVersion": "1.4.1",
  "platform": "Quest",
  "id": "Platformwcloud",
  "name": "cloud platform",
  "author": "futuremappermydud",
  "category": "Other"
}