{
    "id": "BMMS",
    "name": "Beat My Meat Saber Logo",
    "author": "Node",
    "description": [
        "Changes Beat Saber logo to Beat My Meat Saber"
    ],
    "links": {},
    "gameVersion": "1.13.0",
    "version": "1.0.0",
    "platform": "Quest",
    "category": "Other",
    "components": [
        {
            "Type": "AssetsMod",
            "InstallAction": {
                "PreloadFiles": [
                    "{{MenuTitle}}"
                ],
                "Actions": [
                    {
                        "Type": "ReplaceAsset",
                        "StepNumber": 1,
                        "Locator": {
                            "TypeIs": "Texture2D",
                            "NameIs": "LogoBat"
                        },
                        "FromDataFile": "LogoBat.dat"
                    },
                    {
                        "Type": "ReplaceAsset",
                        "StepNumber": 2,
                        "Locator": {
                            "TypeIs": "Texture2D",
                            "NameIs": "LogoE"
                        },
                        "FromDataFile": "LogoE.dat"
                    },
                    {
                        "Type": "ReplaceAsset",
                        "StepNumber": 3,
                        "Locator": {
                            "TypeIs": "Texture2D",
                            "NameIs": "LogoSaber"
                        },
                        "FromDataFile": "LogoSaber.dat"
                    }
                ]
            },
            "UninstallAction": {
                "PreloadFiles": [
                    "{{MenuTitle}}"
                ],
                "Actions": [
                    {
                        "Type": "RestoreAsset",
                        "StepNumber": 1,
                        "Locator": {
                            "TypeIs": "Texture2D",
                            "NameIs": "LogoBat"
                        }
                    },
                    {
                        "Type": "RestoreAsset",
                        "StepNumber": 2,
                        "Locator": {
                            "TypeIs": "Texture2D",
                            "NameIs": "LogoE"
                        }
                    },
                    {
                        "Type": "RestoreAsset",
                        "StepNumber": 3,
                        "Locator": {
                            "TypeIs": "Texture2D",
                            "NameIs": "LogoSaber"
                        }
                    }
                ]
            }
        }
    ]
}