{
    "coverImageFilename": "cover.png",
    "icon": "cover.png",
    "components": [
        {
            "type": "FileCopyMod",
            "sourceFileName": "Shiny Rod.qsaber",
            "targetRootedPathAndFileName": "/sdcard/Android/data/com.beatgames.beatsaber/files/sabers/testSaber.qsaber"
        }
    ],
    "version": "1.0.0",
    "links": {
        "pageLink": "https://github.com/RedBrumbler/BMBFCustomSabers/wiki/Commisions"
    },
    "description": [
        "Make everyone smile with this magic staff that once belonged to Shiny Chariot and is now in the hands of akko!"
    ],
    "gameVersion": "1.13.0",
    "platform": "Quest",
    "id": "ShinyRodRedBrumblerV1.0.0",
    "name": "Shiny Rod",
    "author": "RedBrumbler",
    "category": "Saber"
}