{
  "coverImageFilename": "Cover.png",
  "icon": "Cover.png",
  "components": [
    {
      "Type": "AssetsMod",
      "InstallAction": {
        "PreloadFiles": [
          "{{Saber}}"
        ],
        "Actions": [
          {
            "Type": "ReplaceAsset",
            "FromDataFile": "BladeTransform.dat",
            "Locator": {
			"PathIs": {
              "fileType": "Saber",
              "PathID": 31
			  }
            },
            "AllowOverwriteName": false,
            "StepNumber": 1
          },
          {
            "Type": "ReplaceAsset",
            "FromDataFile": "SaberGlowingEdges.dat",
            "Locator": {
              "TypeIs": "Mesh",
              "NameIs": "SaberGlowingEdges"
            },
            "AllowOverwriteName": false,
            "StepNumber": 2
          },
          {
            "Type": "ReplaceAsset",
            "FromDataFile": "SaberHandle.dat",
            "Locator": {
              "TypeIs": "Mesh",
              "NameIs": "SaberHandle"
            },
            "AllowOverwriteName": false,
            "StepNumber": 3
          },
		  {
            "Type": "ReplaceAsset",
            "FromDataFile": "FullTrail.dat",
            "Locator": {
              "TypeIs": "Texture2D",
              "NameIs": "FullTrail"
            },
            "AllowOverwriteName": false,
            "StepNumber": 4
          },
		  {
            "Type": "ReplaceAsset",
            "FromDataFile": "FakeGlow0.dat",
            "Locator": {
              "PathIs": {
                "fileType": "Saber",
                "PathID": 28
              }
			 },
            "AllowOverwriteName": false,
            "StepNumber": 5
          },
		  {
            "Type": "ReplaceAsset",
            "FromDataFile": "FakeGlow1.dat",
            "Locator": {
              "PathIs": {
                "fileType": "Saber",
                "PathID": 30
              }
			 },
            "AllowOverwriteName": false,
            "StepNumber": 6
          },
		  {
            "Type": "ReplaceAsset",
            "FromDataFile": "GrayscalePixelatedNoise.dat",
            "Locator": {
              "TypeIs": "Texture2D",
              "NameIs": "GrayscalePixelatedNoise"
            },
            "AllowOverwriteName": false,
            "StepNumber": 7
          }
        ]
      },
      "UninstallAction": {
        "PreloadFiles": [
          "{{Saber}}"
        ],
        "Actions": [
          {
            "Type": "RestoreAsset",
            "Locator": {
              "PathIs": {
                "fileType": "Saber",
                "PathID": 31
              }
            },
            "StepNumber": 1
          },
          {
            "Type": "RestoreAsset",
            "Locator": {
              "TypeIs": "Mesh",
              "NameIs": "SaberGlowingEdges"
            },
            "StepNumber": 2
          },
          {
            "Type": "RestoreAsset",
            "Locator": {
              "TypeIs": "Mesh",
              "NameIs": "SaberHandle"
            },
            "StepNumber": 3
          },
		  {
            "Type": "RestoreAsset",
            "Locator": {
              "TypeIs": "Texture2D",
              "NameIs": "FullTrail"
            },
            "StepNumber": 4
          },
		  {
            "Type": "RestoreAsset",
            "Locator": {
              "PathIs": {
                "fileType": "Saber",
                "PathID": 28
              }
            },
            "StepNumber": 5
          },
		  {
            "Type": "RestoreAsset",
            "Locator": {
              "PathIs": {
                "fileType": "Saber",
                "PathID": 30
              }
            },
            "StepNumber": 6
          },
		  {
            "Type": "RestoreAsset",
            "Locator": {
              "TypeIs": "Texture2D",
              "NameIs": "GrayscalePixelatedNoise"
            },
            "StepNumber": 7
          }
        ]
      }
    }
  ],
  "version": "1.0.0",
  "links": {
  "Click here for info on commissions": "https://github.com/RedBrumbler/BMBFCustomSabers/wiki/Commisions"
  },
  "description": [
    "Sc2ad wanted a saber specially made for him, so it was made from the strongest alloys known to man, polygons and rainbows"
  ],
  "gameVersion": "1.7.0",
  "platform": "Quest",
  "id": "Sc2adSaberV1",
  "name": "Sc2ad's saber",
  "author": "RedBrumbler, commissioned by sc2ad",
  "category": "Saber"
}