{
    "coverImageFilename": "Cover.png",
    "icon": "Cover.png",
    "components": [
        {
            "Type": "AssetsMod",
            "InstallAction": {
                "PreloadFiles": [
                    "{{Note}}",
                    "sharedassets2.assets"
                ],
                "Actions": [
                    {
                        "Type": "ReplaceAsset",
                        "FromDataFile": "astroworld.dat",
                        "Locator": {
                            "TypeIs": "AudioClip",
                            "NameIs": "Menu"
                        },
                        "AllowOverwriteName": false,
                        "StepNumber": 1
                    }
                ]
            },
            "UninstallAction": {
                "PreloadFiles": [
                    "{{Note}}",
                    "sharedassets2.assets"
                ],
                "Actions": [
                    {
                        "Type": "RestoreAsset",
                        "Locator": {
                            "TypeIs": "AudioClip",
                            "NameIs": "Menu"
                        },
                        "StepNumber": 1
                    }
                ]
            }
        }
    ],
    "version": "1.0.0",
    "links": {},
    "description": [
        "fortnite"
    ],
    "gameVersion": "1.9.1",
    "platform": "Quest",
    "id": "Astroworld Music",
    "name": "Astroworld Music",
    "author": "PickleBanjo",
    "category": "Other"
}