{
  "coverImageFilename": "Cover.png",
  "icon": "Cover.png",
  "components": [
    {
      "Type": "AssetsMod",
      "InstallAction": {
        "PreloadFiles": [
          "sharedassets2.assets"
        ],
        "Actions": [
          {
            "Type": "ReplaceAsset",
            "FromDataFile": "MenuMusic.dat",
            "Locator": {
              "TypeIs": "AudioClip",
              "NameIs": "Menu"
            },
            "AllowOverwriteName": false,
            "StepNumber": 1
          }
        ]
      },
      "UninstallAction": {
        "PreloadFiles": [
          "sharedassets2.assets"
        ],
        "Actions": [
          {
            "Type": "RestoreAsset",
            "Locator": {
              "TypeIs": "AudioClip",
              "NameIs": "Menu"
            },
            "StepNumber": 1
          }
        ]
      }
    }
  ],
  "version": "1.0.0",
  "links": {},
  "description": [
    "Jam to nostalgia. Part of the Wii mod pack."
  ],
  "gameVersion": "1.7.0",
  "platform": "Quest",
  "id": "WiiMenuMusic",
  "name": "Wii Menu Music",
  "author": "Brinch",
  "category": "Other"
}