{
  "coverImageFilename": "SpiralSaber.gif",
  "icon": "SpiralSaber.gif",
  "components": [
    {
      "Type": "AssetsMod",
      "InstallAction": {
        "PreloadFiles": [
          "{{Saber}}",
		  "sharedassets1.assets"
        ],
        "Actions": [
          {
            "Type": "ReplaceAsset",
            "FromDataFile": "SaberBlade.dat",
            "Locator": {
              "TypeIs": "Mesh",
              "NameIs": "SaberBlade"
            },
            "AllowOverwriteName": false,
            "StepNumber": 1
          },
          {
            "Type": "ReplaceAsset",
            "FromDataFile": "SaberGlowingEdges.dat",
            "Locator": {
              "TypeIs": "Mesh",
              "NameIs": "SaberGlowingEdges"
            },
            "AllowOverwriteName": false,
            "StepNumber": 2
          },
          {
            "Type": "ReplaceAsset",
            "FromDataFile": "SaberHandle.dat",
            "Locator": {
              "TypeIs": "Mesh",
              "NameIs": "SaberHandle"
            },
            "AllowOverwriteName": false,
            "StepNumber": 3
          },
          {
            "Type": "ReplaceAsset",
            "FromDataFile": "DisplacementNoise0.dat",
            "Locator": {
              "TypeIs": "Texture2D",
              "NameIs": "DisplacementNoise0"
            },
            "AllowOverwriteName": false,
            "StepNumber": 4
          }
        ]
      },
      "UninstallAction": {
        "PreloadFiles": [
          "{{Saber}}",
		  "sharedassets1.assets"
        ],
        "Actions": [
          {
            "Type": "RestoreAsset",
            "Locator": {
              "TypeIs": "Mesh",
              "NameIs": "SaberBlade"
            },
            "StepNumber": 1
          },
          {
            "Type": "RestoreAsset",
            "Locator": {
              "TypeIs": "Mesh",
              "NameIs": "SaberGlowingEdges"
            },
            "StepNumber": 2
          },
          {
            "Type": "RestoreAsset",
            "Locator": {
              "TypeIs": "Mesh",
              "NameIs": "SaberHandle"
            },
            "StepNumber": 3
          },
          {
            "Type": "RestoreAsset",
            "Locator": {
              "TypeIs": "Texture2D",
              "NameIs": "DisplacementNoise0"
            },
            "StepNumber": 4
          }
        ]
      }
    }
  ],
  "version": "0.0.1",
  "links": {},
  "description": [
    "Henwill8#6032's Spinny Saber mod is recommended for this saber."
  ],
  "gameVersion": "1.7.0",
  "platform": "Quest",
  "id": "SpiralSaber",
  "name": "Spiral Saber",
  "author": "Brinch",
  "category": "Saber"
}