{
    "coverImageFilename": "cover.png",
    "icon": "cover.png",
    "components": [
        {
            "type": "FileCopyMod",
            "sourceFileName": "Clothing Hanger.qsaber",
            "targetRootedPathAndFileName": "/sdcard/Android/data/com.beatgames.beatsaber/files/sabers/testSaber.qsaber"
        }
    ],
    "version": "1.0.0",
    "links": {
        "pageLink": "https://github.com/RedBrumbler/BMBFCustomSabers/wiki/Commisions"
    },
    "description": [
        "To hang your sweaty clothes on after a heavy Beat Saber session"
    ],
    "gameVersion": "1.11.1",
    "platform": "Quest",
    "id": "ClothingHangerRedBrumblerV1.0.0",
    "name": "Clothing Hanger",
    "author": "RedBrumbler",
    "category": "Saber"
}