﻿{
    "id": "AuroraPlatformV1",
    "name": "Aurora Platform V1",
    "author": "Yuuki",
    "description": [
        "A stage that puts you on top of glowing stones all around you - how will you perform in this environment?"
    ],
    "gameVersion": "1.7.0",
    "version": "1.0.0",
    "platform": "Quest",
    "category": "Gameplay",
    "coverImageFilename": "Cover.jpg",
    "components": [
        {
            "Type": "AssetsMod",
            "InstallAction": {
                "PreloadFiles": [
                    "{{Platform}}"
                ],
                "Actions": [
                    {
                        "Type": "ReplaceAsset",
                        "StepNumber": 1,
                        "Locator": {
                            "TypeIs": "Mesh",
                            "NameIs": "PlayersPlaceCore"
                        },
                        "FromDataFile": "PlayersPlaceCore.dat"
                    },
                    {
                        "Type": "ReplaceAsset",
                        "StepNumber": 1,
                        "Locator": {
                            "TypeIs": "Mesh",
                            "NameIs": "PlayersPlaceFrame"
                        },
                        "FromDataFile": "PlayersPlaceFrame.dat"
                    }
                ]
            },
            "UninstallAction": {
                "PreloadFiles": [
                    "{{Platform}}"
                ],
                "Actions": [
                    {
                        "Type": "RestoreAsset",
                        "StepNumber": 1,
                        "Locator": {
                            "TypeIs": "Mesh",
                            "NameIs": "PlayersPlaceCore"
                        }
                    },
                    {
                        "Type": "RestoreAsset",
                        "StepNumber": 2,
                        "Locator": {
                            "TypeIs": "Mesh",
                            "NameIs": "PlayersPlaceFrame"
                        }
                    }
                ]
            }
        }
    ]
}