{
    "coverImageFilename": "Cover.png",
    "icon": "Cover.png",
    "components": [
        {
            "Type": "AssetsMod",
            "InstallAction": {
                "PreloadFiles": [
                    "{{Note}}"
                ],
                "Actions": [
                    {
                        "Type": "ReplaceAsset",
                        "FromDataFile": "CubeNoteSmoothHD.dat",
                        "Locator": {
                            "TypeIs": "Mesh",
                            "NameIs": "CubeNoteSmoothHD"
                        },
                        "AllowOverwriteName": false,
                        "StepNumber": 1
                    }
                ]
            },
            "UninstallAction": {
                "PreloadFiles": [
                    "{{Note}}"
                ],
                "Actions": [
                    {
                        "Type": "RestoreAsset",
                        "Locator": {
                            "TypeIs": "Mesh",
                            "NameIs": "CubeNoteSmoothHD"
                        },
                        "StepNumber": 1
                    }
                ]
            }
        }
    ],
    "version": "1.2.0",
    "links": {},
    "description": [
        "Pumpkin notes for halloween even though when uploading it's not even august yet"
    ],
    "gameVersion": "1.7.0",
    "platform": "Quest",
    "id": "PumpkinNotesV1",
    "name": "Pumpkin Notes V1",
    "author": "RedBrumbler",
    "category": "Other"
}