{
  "coverImageFilename": "Cover.jpg",
  "icon": "Cover.jpg",
  "components": [
    {
      "Type": "AssetsMod",
      "InstallAction": {
        "PreloadFiles": [
          "sharedassets18.assets"
        ],
        "Actions": [
          {
            "Type": "ReplaceAsset",
            "FromDataFile": "SaberBlade.dat",
            "AllowOverwriteName": false,
            "Locator": {
              "TypeIs": "Mesh",
              "NameIs": "SaberBlade"
            },
            "StepNumber": 1
          },
          {
            "Type": "ReplaceAsset",
            "FromDataFile": "SaberGlowingEdges.dat",
            "AllowOverwriteName": false,
            "Locator": {
              "TypeIs": "Mesh",
              "NameIs": "SaberGlowingEdges"
            },
            "StepNumber": 2
          },
          {
            "Type": "ReplaceAsset",
            "FromDataFile": "SaberHandle.dat",
            "AllowOverwriteName": false,
            "Locator": {
              "TypeIs": "Mesh",
              "NameIs": "SaberHandle"
            },
            "StepNumber": 3
          }
        ]
      },
      "UninstallAction": {
        "PreloadFiles": [
          "sharedassets18.assets"
        ],
        "Actions": [
          {
            "Type": "RestoreAsset",
            "Locator": {
              "TypeIs": "Mesh",
              "NameIs": "SaberBlade"
            },
            "StepNumber": 1
          },
          {
            "Type": "RestoreAsset",
            "Locator": {
              "TypeIs": "Mesh",
              "NameIs": "SaberGlowingEdges"
            },
            "StepNumber": 2
          },
          {
            "Type": "RestoreAsset",
            "Locator": {
              "TypeIs": "Mesh",
              "NameIs": "SaberHandle"
            },
            "StepNumber": 3
          }
        ]
      }
    }
  ],
  "version": "0.3.1",
  "links": {},
  "description": [
    "Do a fancy swirl as you slash your enemies"
  ],
  "gameVersion": "1.6.0",
  "platform": "Quest",
  "id": "RibbonRapierV3",
  "name": "Ribbon Rapier",
  "author": "Yuuki",
  "category": "Saber"
}