{
  "coverImageFilename": "Cover.png",
  "icon": "Cover.png",
  "components": [
    {
      "Type": "AssetsMod",
      "InstallAction": {
        "PreloadFiles": [
          "sharedassets19.assets"
        ],
        "Actions": [
          {
            "Type": "ReplaceAsset",
            "FromDataFile": "SolidWalls.dat",
            "Locator": {
              "PathIs": {
                "fileType": "Note",
                "PathID": 307
              }
            },
            "AllowOverwriteName": false,
            "StepNumber": 1
          }
        ]
      },
      "UninstallAction": {
        "PreloadFiles": [
          "sharedassets19.assets"
        ],
        "Actions": [
		  {
            "Type": "ReplaceAsset",
            "FromDataFile": "TransparentWalls.dat",
            "Locator": {
              "PathIs": {
                "fileType": "Note",
                "PathID": 307
              }
            },
            "AllowOverwriteName": false,
            "StepNumber": 1
          }
        ]
      }
    }
  ],
  "version": "1.0.0",
  "links": {},
  "description": [
    "Solid is better than not solid, especially if we are talking walls"
  ],
  "gameVersion": "1.6.0",
  "platform": "Quest",
  "id": "SolidWallsV1",
  "name": "Solid Walls V1",
  "author": "RedBrumbler, Idea by Graham Silverthorn",
  "category": "Other"
}