{
    "coverImageFilename": "cover.png",
    "icon": "cover.png",
    "components": [
        {
            "type": "FileCopyMod",
            "sourceFileName": "Doriru.qsaber",
            "targetRootedPathAndFileName": "/sdcard/Android/data/com.beatgames.beatsaber/files/sabers/testSaber.qsaber"
        },
		{
			"Type": "AssetsMod",
			"InstallAction": {
			"PreloadFiles": [
          "{{Trail}}"
        ],
        "Actions": [
          {
            "Type": "ReplaceAsset",
            "FromDataFile": "FullTrail.dat",
            "Locator": {
              "TypeIs": "Texture2D",
              "NameIs": "FullTrail"
            },
            "AllowOverwriteName": false,
            "StepNumber": 1
          }
        ]
      },
      "UninstallAction": {
        "PreloadFiles": [
          "{{Saber}}"
        ],
        "Actions": [
          {
            "Type": "RestoreAsset",
            "Locator": {
              "TypeIs": "Texture2D",
              "NameIs": "FullTrail"
            },
            "StepNumber": 1
          }
        ]
      }
    }
    ],
    "version": "1.0.0",
    "links": {
        "pageLink": "https://modelsaber.com/Sabers/?id=1584894113&pc"
    },
    "description": [
        "Doriru Saber by Hooi, ported to quest!"
    ],
    "gameVersion": "1.8.0",
    "platform": "Quest",
    "id": "DoriruHooi,PortedbyRedBrumblerV1.0.0",
    "name": "Doriru",
    "author": "Hooi, Ported by RedBrumbler",
    "category": "Saber"
}